,Country,Happiness.Rank,Happiness.Score,GDP.per.capita,Health.Expectancy,Freedom,Perceptions.of.corruption,Generosity,Year,Region,Average working hours
1,Switzerland,1,7.587,1.39651,0.94143,0.66557,0.41978,0.29678,2015,Western Europe,1589.475082
2,Iceland,2,7.561,1.30232,0.94784,0.62877,0.14145,0.4363,2015,Northern Europe,1486.405733
3,Denmark,3,7.527,1.32548,0.87464,0.64938,0.48357,0.34139,2015,Northern Europe,1407.148109
4,Norway,4,7.522,1.459,0.88521,0.66973,0.36503,0.34699,2015,Northern Europe,1391.946805
5,Canada,5,7.427,1.32629,0.90563,0.63297,0.32957,0.45811,2015,North America,1710.780106
6,Finland,6,7.406,1.29025,0.88911,0.64169,0.41372,0.23351,2015,Northern Europe,1607.140027
7,Netherlands,7,7.378,1.32944,0.89284,0.61576,0.31814,0.4761,2015,Western Europe,1425.813579
8,Sweden,8,7.364,1.33171,0.91087,0.6598,0.43844,0.36262,2015,Northern Europe,1620.925637
9,New Zealand,9,7.286,1.25018,0.90837,0.63938,0.42922,0.47501,2015,Oceania,1750.863285
10,Australia,10,7.284,1.33358,0.93156,0.65124,0.35637,0.43562,2015,Oceania,1746.483472
11,Israel,11,7.278,1.22857,0.91387,0.41319,0.07785,0.33172,2015,Middle East,1895.909424
12,Costa Rica,12,7.226,0.95578,0.86027,0.63376,0.10583,0.25497,2015,Central America,2156.910504
13,Austria,13,7.2,1.33723,0.89042,0.62433,0.18676,0.33088,2015,Western Europe,1605.280548
14,Mexico,14,7.187,1.02054,0.81444,0.48181,0.21312,0.14074,2015,Central America,2140
15,United States,15,7.119,1.39451,0.86179,0.54604,0.1589,0.40105,2015,North America,1770.023174
16,Brazil,16,6.983,0.98124,0.69702,0.49049,0.17521,0.14574,2015,South America,NA
17,Luxembourg,17,6.946,1.56391,0.91894,0.61583,0.37798,0.28034,2015,Western Europe,1513.675761
18,Ireland,18,6.94,1.33596,0.89533,0.61777,0.28703,0.45901,2015,Northern Europe,1770.584308
19,Belgium,19,6.937,1.30782,0.89667,0.5845,0.2254,0.2225,2015,Western Europe,1575.456869
20,United Arab Emirates,20,6.901,1.42727,0.80925,0.64157,0.38583,0.26428,2015,Middle East,NA
21,United Kingdom,21,6.867,1.26637,0.90943,0.59625,0.32067,0.51912,2015,Northern Europe,1669.465155
22,Oman,22,6.853,1.36011,0.76276,0.63274,0.32524,0.21542,2015,Middle East,NA
23,Venezuela,23,6.81,1.04424,0.72052,0.42908,0.11069,0.05841,2015,South America,NA
24,Singapore,24,6.798,1.52186,1.02525,0.54252,0.4921,0.31105,2015,Asia,2362.423602
25,Panama,25,6.786,1.06353,0.79661,0.5421,0.0927,0.24434,2015,Central America,NA
26,Germany,26,6.75,1.32792,0.89186,0.61477,0.21843,0.28214,2015,Western Europe,1400.793099
27,Chile,27,6.67,1.10715,0.85857,0.44132,0.12869,0.33363,2015,South America,1988
28,Qatar,28,6.611,1.69042,0.79733,0.6404,0.52208,0.32573,2015,Middle East,NA
29,France,29,6.575,1.27778,0.94579,0.55011,0.20646,0.12332,2015,Western Europe,1519.484356
30,Argentina,30,6.574,1.05351,0.78723,0.44974,0.08484,0.11451,2015,South America,1703.468539
31,Czech Republic,31,6.505,1.17898,0.84483,0.46364,0.02652,0.10686,2015,Eastern Europe,1756.160952
32,Uruguay,32,6.485,1.06166,0.8116,0.60362,0.24558,0.2324,2015,South America,1556.428331
33,Colombia,33,6.477,0.91861,0.69077,0.53466,0.0512,0.18401,2015,South America,1997.032511
34,Thailand,34,6.455,0.9669,0.7385,0.55664,0.03187,0.5763,2015,Asia,2186.46082
35,Saudi Arabia,35,6.411,1.39541,0.72025,0.31048,0.32524,0.13706,2015,Middle East,NA
36,Spain,36,6.329,1.23011,0.95562,0.45951,0.06398,0.18227,2015,Southern Europe,1694.237188
37,Malta,37,6.302,1.2074,0.88721,0.60365,0.13586,0.51752,2015,Southern Europe,1933.22857
38,Taiwan,38,6.298,1.29098,0.8753,0.3974,0.08129,0.25376,2015,Asia,2152.289784
39,Kuwait,39,6.295,1.55422,0.72492,0.55499,0.25609,0.16228,2015,Middle East,NA
40,Suriname,40,6.269,0.99534,0.6082,0.59657,0.13633,0.16991,2015,South America,NA
41,Trinidad and Tobago,41,6.168,1.21183,0.61483,0.55884,0.0114,0.31844,2015,South America,NA
42,El Salvador,42,6.13,0.76454,0.67737,0.4035,0.11776,0.10692,2015,Central America,NA
43,Guatemala,43,6.123,0.74553,0.64425,0.57733,0.09472,0.27489,2015,Central America,NA
44,Uzbekistan,44,6.003,0.63244,0.59772,0.65821,0.30826,0.22837,2015,Asia,NA
45,Slovakia,45,5.995,1.16891,0.78902,0.31751,0.03431,0.16893,2015,Eastern Europe,NA
46,Japan,46,5.987,1.27074,0.99111,0.49615,0.1806,0.10705,2015,Asia,1756.9
47,South Korea,47,5.984,1.24461,0.96538,0.33208,0.07857,0.18557,2015,Asia,2077.293101
48,Ecuador,48,5.975,0.86402,0.79075,0.48574,0.1809,0.11541,2015,South America,1620.198188
49,Bahrain,49,5.96,1.32376,0.74716,0.45492,0.306,0.17362,2015,Middle East,NA
50,Italy,50,5.948,1.25114,0.95446,0.26236,0.02901,0.22823,2015,Southern Europe,1717.46898
51,Bolivia,51,5.89,0.68133,0.5392,0.57414,0.088,0.20536,2015,South America,NA
52,Moldova,52,5.889,0.59448,0.61826,0.32818,0.01615,0.20951,2015,Eastern Europe,NA
53,Paraguay,53,5.878,0.75985,0.66098,0.53899,0.08242,0.3424,2015,South America,NA
54,Kazakhstan,54,5.855,1.12254,0.64368,0.51649,0.08454,0.11827,2015,Asia,NA
55,Slovenia,55,5.848,1.18498,0.87337,0.60855,0.03787,0.25328,2015,Southern Europe,1687.312737
56,Lithuania,56,5.833,1.14723,0.73128,0.21342,0.01031,0.02641,2015,Northern Europe,1894.895365
57,Nicaragua,57,5.828,0.59325,0.74314,0.55475,0.19317,0.27815,2015,Central America,NA
58,Peru,58,5.824,0.90019,0.73017,0.41496,0.05989,0.14982,2015,South America,2133.84167
59,Belarus,59,5.813,1.03192,0.73608,0.37938,0.1909,0.11046,2015,Eastern Europe,NA
60,Poland,60,5.791,1.12555,0.77903,0.53122,0.04212,0.16759,2015,Eastern Europe,2049.009142
61,Malaysia,61,5.77,1.12486,0.72394,0.53024,0.10501,0.33075,2015,Asia,2169.287591
62,Croatia,62,5.759,1.08254,0.78805,0.25883,0.0243,0.05444,2015,Southern Europe,1827.650995
63,Libya,63,5.754,1.13145,0.7038,0.41668,0.11023,0.18295,2015,Africa,NA
64,Russia,64,5.716,1.13764,0.66926,0.36679,0.03005,0.00199,2015,Eastern Europe,NA
65,Jamaica,65,5.709,0.81038,0.68741,0.50442,0.02299,0.2123,2015,Caribbean,NA
66,North Cyprus,66,5.695,1.20806,0.92356,0.49027,0.1428,0.26169,2015,Southern Europe,NA
67,Cyprus,67,5.689,1.20813,0.92356,0.40672,0.06146,0.30638,2015,Southern Europe,1824.330841
68,Algeria,68,5.605,0.93929,0.61766,0.28579,0.17383,0.07822,2015,Africa,NA
69,Kosovo,69,5.589,0.80148,0.63132,0.24749,0.04741,0.2831,2015,Southern Europe,NA
70,Turkmenistan,70,5.548,0.95847,0.53886,0.4761,0.30844,0.16979,2015,Asia,NA
71,Mauritius,71,5.477,1.00761,0.7095,0.56066,0.07521,0.37744,2015,Africa,NA
72,Hong Kong,72,5.474,1.38604,1.01328,0.59608,0.37124,0.39478,2015,Asia,2185.513768
73,Estonia,73,5.429,1.15174,0.77361,0.44888,0.15184,0.0868,2015,Northern Europe,1851.616632
74,Indonesia,74,5.399,0.82827,0.63793,0.46611,0,0.51535,2015,Asia,2024.286945
75,Vietnam,75,5.36,0.63216,0.74676,0.59444,0.10441,0.1686,2015,Asia,2191.370436
76,Turkey,76,5.332,1.06098,0.73172,0.22815,0.15746,0.12253,2015,Asia,1832
77,Kyrgyzstan,77,5.286,0.47428,0.65088,0.43477,0.04232,0.3003,2015,Asia,NA
78,Nigeria,78,5.268,0.65435,0.16007,0.34334,0.0403,0.27233,2015,Africa,NA
79,Bhutan,79,5.253,0.77042,0.57407,0.53206,0.15445,0.47998,2015,Asia,NA
80,Azerbaijan,80,5.212,1.02389,0.64045,0.3703,0.16065,0.07799,2015,Caucasus,NA
81,Pakistan,81,5.194,0.59543,0.51466,0.12102,0.10464,0.33671,2015,Asia,2026.977697
82,Jordan,82,5.192,0.90198,0.69639,0.40661,0.14293,0.11053,2015,Middle East,NA
83,Montenegro,82,5.192,0.97438,0.72521,0.1826,0.14296,0.1614,2015,Southern Europe,NA
84,China,84,5.14,0.89012,0.81658,0.51697,0.02781,0.08185,2015,Asia,NA
85,Zambia,85,5.129,0.47038,0.29924,0.48827,0.12468,0.19591,2015,Africa,NA
86,Romania,86,5.124,1.04345,0.7689,0.35068,0.00649,0.13748,2015,Southern Europe,1785.671089
87,Serbia,87,5.123,0.92053,0.74836,0.20107,0.02617,0.19231,2015,Southern Europe,NA
88,Portugal,88,5.102,1.15991,0.87519,0.51469,0.01078,0.13719,2015,Southern Europe,1878.60165
89,Latvia,89,5.098,1.11312,0.72437,0.29671,0.06332,0.18226,2015,Northern Europe,1901.741282
90,Philippines,90,5.073,0.70532,0.58114,0.62545,0.12279,0.24991,2015,Asia,2149.714227
91,Somaliland region,91,5.057,0.18847,0.43873,0.46582,0.39928,0.50318,2015,Africa,NA
92,Morocco,92,5.013,0.73479,0.60954,0.41691,0.08546,0.07172,2015,Africa,NA
93,Macedonia,93,5.007,0.91851,0.73545,0.33457,0.05327,0.22359,2015,Southern Europe,NA
94,Mozambique,94,4.971,0.08308,0.09131,0.34037,0.15603,0.22269,2015,Africa,NA
95,Albania,95,4.959,0.87867,0.81325,0.35733,0.06413,0.14272,2015,Southern Europe,NA
96,Bosnia and Herzegovina,96,4.949,0.83223,0.79081,0.09245,0.00227,0.24808,2015,Southern Europe,NA
97,Lesotho,97,4.898,0.37545,0.07612,0.31767,0.12504,0.16388,2015,Africa,NA
98,Dominican Republic,98,4.885,0.89537,0.66825,0.57672,0.14234,0.21684,2015,Caribbean,2156.597486
99,Laos,99,4.876,0.59066,0.54909,0.59591,0.24249,0.42192,2015,Africa,NA
100,Mongolia,100,4.874,0.82819,0.60268,0.43626,0.02666,0.3323,2015,Asia,NA
101,Swaziland,101,4.867,0.71206,0.07566,0.30658,0.0306,0.18259,2015,Africa,NA
102,Greece,102,4.857,1.15406,0.88213,0.07699,0.01397,0,2015,Southern Europe,2031.140442
103,Lebanon,103,4.839,1.02564,0.83947,0.33916,0.04582,0.21854,2015,Middle East,NA
104,Hungary,104,4.8,1.12094,0.75905,0.32112,0.02758,0.128,2015,Eastern Europe,1745.947983
105,Honduras,105,4.788,0.59532,0.6951,0.40148,0.06825,0.23027,2015,Central America,NA
106,Tajikistan,106,4.786,0.39047,0.57379,0.47216,0.15072,0.22974,2015,Asia,NA
107,Tunisia,107,4.739,0.88113,0.73793,0.26268,0.06358,0.06431,2015,Africa,NA
108,Palestinian Territories,108,4.715,0.59867,0.66015,0.24499,0.12905,0.11251,2015,Asia,NA
109,Bangladesh,109,4.694,0.39753,0.60164,0.4082,0.12569,0.21222,2015,Asia,2418.750817
110,Iran,110,4.686,1.0088,0.69805,0.30033,0.05863,0.38086,2015,Middle East,NA
111,Ukraine,111,4.681,0.79907,0.6739,0.25123,0.02961,0.15275,2015,Eastern Europe,NA
112,Iraq,112,4.677,0.98549,0.60237,0,0.13788,0.17922,2015,Middle East,NA
113,South Africa,113,4.642,0.92049,0.27688,0.33207,0.08884,0.11973,2015,Africa,1958.3111
114,Ghana,114,4.633,0.54558,0.40132,0.42342,0.04355,0.23087,2015,Africa,NA
115,Zimbabwe,115,4.61,0.271,0.33475,0.25861,0.08079,0.18987,2015,Africa,NA
116,Liberia,116,4.571,0.0712,0.34201,0.28531,0.06232,0.24362,2015,Africa,NA
117,India,117,4.565,0.64499,0.51529,0.39786,0.08492,0.26475,2015,Asia,2118.821495
118,Sudan,118,4.55,0.52107,0.36878,0.10081,0.1466,0.19062,2015,Africa,NA
119,Haiti,119,4.518,0.26673,0.38847,0.24425,0.17175,0.46187,2015,Caribbean,NA
120,Congo (Kinshasa),120,4.517,0,0.09806,0.22605,0.07625,0.24834,2015,Africa,NA
121,Nepal,121,4.514,0.35997,0.56874,0.38282,0.05907,0.32296,2015,Asia,NA
122,Ethiopia,122,4.512,0.19073,0.44055,0.4345,0.15048,0.24325,2015,Africa,NA
123,Sierra Leone,123,4.507,0.33024,0,0.4084,0.08786,0.21488,2015,Africa,NA
124,Mauritania,124,4.436,0.45407,0.35874,0.24232,0.17461,0.219,2015,Africa,NA
125,Kenya,125,4.419,0.36471,0.41435,0.42215,0.05839,0.37542,2015,Africa,NA
126,Djibouti,126,4.369,0.44025,0.36291,0.46074,0.28105,0.18093,2015,Africa,NA
127,Armenia,127,4.35,0.76821,0.7299,0.19847,0.039,0.07855,2015,Caucasus,NA
128,Botswana,128,4.332,0.99355,0.04776,0.49495,0.12474,0.10461,2015,Africa,NA
129,Myanmar,129,4.307,0.27108,0.48246,0.44017,0.19034,0.79588,2015,Asia,2445.985345
130,Georgia,130,4.297,0.7419,0.72926,0.40577,0.38331,0.05547,2015,Caucasus,NA
131,Malawi,131,4.292,0.01604,0.22562,0.43054,0.06977,0.33128,2015,Africa,NA
132,Sri Lanka,132,4.271,0.83524,0.70806,0.53726,0.09179,0.40828,2015,Asia,1924.01247
133,Cameroon,133,4.252,0.4225,0.23402,0.49309,0.05786,0.20618,2015,Africa,NA
134,Bulgaria,134,4.218,1.01216,0.76649,0.30587,0.00872,0.11921,2015,Southern Europe,1644.385281
135,Egypt,135,4.194,0.8818,0.61712,0.17288,0.06324,0.11291,2015,Africa,NA
136,Yemen,136,4.077,0.54649,0.40064,0.35571,0.07854,0.09131,2015,Middle East,NA
137,Angola,137,4.033,0.75778,0.16683,0.10384,0.07122,0.12344,2015,Africa,NA
138,Mali,138,3.995,0.26074,0.20583,0.38857,0.12352,0.18798,2015,Africa,NA
139,Congo (Brazzaville),139,3.989,0.67866,0.31051,0.41466,0.11686,0.12388,2015,Africa,NA
140,Comoros,140,3.956,0.23906,0.36315,0.22917,0.199,0.17441,2015,Africa,NA
141,Uganda,141,3.931,0.21102,0.33861,0.45727,0.07267,0.29066,2015,Africa,NA
142,Senegal,142,3.904,0.36498,0.4354,0.36772,0.10713,0.20843,2015,Africa,NA
143,Gabon,143,3.896,1.06024,0.43372,0.31914,0.11091,0.06822,2015,Africa,NA
144,Niger,144,3.845,0.0694,0.29707,0.47692,0.15639,0.19387,2015,Africa,NA
145,Cambodia,145,3.819,0.46038,0.61114,0.66246,0.07247,0.40359,2015,Asia,2458.309132
146,Tanzania,146,3.781,0.2852,0.38215,0.32878,0.05747,0.34377,2015,Africa,NA
147,Madagascar,147,3.681,0.20824,0.46721,0.19184,0.08124,0.21333,2015,Africa,NA
148,Central African Republic,148,3.678,0.0785,0.06699,0.48879,0.08289,0.23835,2015,Africa,NA
149,Chad,149,3.667,0.34193,0.1501,0.23501,0.05269,0.18386,2015,Africa,NA
150,Guinea,150,3.656,0.17417,0.24009,0.37725,0.12139,0.28657,2015,Africa,NA
151,Ivory Coast,151,3.655,0.46534,0.15185,0.46866,0.17922,0.20165,2015,Africa,NA
152,Burkina Faso,152,3.587,0.25812,0.27125,0.39493,0.12832,0.21747,2015,Africa,NA
153,Afghanistan,153,3.575,0.31982,0.30335,0.23414,0.09719,0.3651,2015,Asia,NA
154,Rwanda,154,3.465,0.22208,0.42864,0.59201,0.55191,0.22628,2015,Africa,NA
155,Benin,155,3.34,0.28665,0.3191,0.4845,0.0801,0.1826,2015,Africa,NA
156,Syria,156,3.006,0.6632,0.72193,0.15684,0.18906,0.47179,2015,Middle East,NA
157,Burundi,157,2.905,0.0153,0.22396,0.1185,0.10062,0.19727,2015,Africa,NA
158,Togo,158,2.839,0.20868,0.28443,0.36453,0.10731,0.16681,2015,Africa,NA
159,Denmark,1,7.526,1.44178,0.79504,0.57941,0.44453,0.36171,2016,Northern Europe,1412.045751
160,Switzerland,2,7.509,1.52733,0.86303,0.58557,0.41203,0.28083,2016,Western Europe,1590.226662
161,Iceland,3,7.501,1.42666,0.86733,0.56624,0.14975,0.47678,2016,Northern Europe,1473.992616
162,Norway,4,7.498,1.57744,0.79579,0.59609,0.35776,0.37895,2016,Northern Europe,1394.475138
163,Finland,5,7.413,1.40598,0.81091,0.57104,0.41004,0.25492,2016,Northern Europe,1606.30325
164,Canada,6,7.404,1.44015,0.8276,0.5737,0.31329,0.44834,2016,North America,1705.192385
165,Netherlands,7,7.339,1.46468,0.81231,0.55211,0.29927,0.47416,2016,Western Europe,1437.309404
166,New Zealand,8,7.334,1.36066,0.83096,0.58147,0.41904,0.49401,2016,Oceania,1764.129656
167,Australia,9,7.313,1.44443,0.8512,0.56837,0.32331,0.47407,2016,Oceania,1736.081064
168,Sweden,10,7.291,1.45181,0.83121,0.58218,0.40867,0.38254,2016,Northern Europe,1634.169305
169,Israel,11,7.267,1.33766,0.84917,0.36432,0.08728,0.32288,2016,Middle East,1921.190981
170,Austria,12,7.119,1.45038,0.80565,0.54355,0.21348,0.32865,2016,Western Europe,1618.210779
171,United States,13,7.104,1.50796,0.779,0.48163,0.14868,0.41077,2016,North America,1766.744125
172,Costa Rica,14,7.087,1.06879,0.76146,0.55225,0.10547,0.22553,2016,Central America,2212.38372
173,Puerto Rico,15,7.039,1.35943,0.77758,0.46823,0.12275,0.22202,2016,Caribbean,NA
174,Germany,16,6.994,1.44787,0.81487,0.53466,0.28551,0.30452,2016,Western Europe,1394.754324
175,Brazil,17,6.952,1.08754,0.61415,0.40425,0.14166,0.15776,2016,South America,1714.675028
176,Belgium,18,6.929,1.42539,0.81959,0.51354,0.26248,0.2424,2016,Western Europe,1574.154172
177,Ireland,19,6.907,1.48341,0.81455,0.54008,0.29754,0.44963,2016,Northern Europe,1762.923211
178,Luxembourg,20,6.871,1.69752,0.84542,0.5487,0.35329,0.27571,2016,Western Europe,1512.385573
179,Mexico,21,6.778,1.11508,0.71143,0.37709,0.18355,0.11735,2016,Central America,2146
180,Singapore,22,6.739,1.64555,0.94719,0.4877,0.46987,0.32706,2016,Asia,2351.111284
181,United Kingdom,23,6.725,1.40283,0.80991,0.50036,0.27399,0.50156,2016,Northern Europe,1667.698899
182,Chile,24,6.705,1.2167,0.81883,0.37789,0.11451,0.31595,2016,South America,1974
183,Panama,25,6.701,1.18306,0.70835,0.48927,0.08423,0.2418,2016,Central America,NA
184,Argentina,26,6.65,1.15137,0.69711,0.42284,0.07296,0.10989,2016,South America,1646.512532
185,Czech Republic,27,6.596,1.30915,0.76376,0.41418,0.03986,0.09929,2016,Eastern Europe,1778.52554
186,United Arab Emirates,28,6.573,1.57352,0.72993,0.56215,0.35561,0.26591,2016,Middle East,NA
187,Uruguay,29,6.545,1.18157,0.72183,0.54388,0.21394,0.18056,2016,South America,1532.51374
188,Malta,30,6.488,1.30782,0.80315,0.54994,0.17554,0.56237,2016,Southern Europe,1985.762201
189,Colombia,31,6.481,1.03032,0.59659,0.44735,0.05399,0.15626,2016,South America,1989.17897
190,France,32,6.478,1.39488,0.83795,0.46562,0.17808,0.1216,2016,Western Europe,1522.069358
191,Thailand,33,6.474,1.0893,0.64915,0.49553,0.02833,0.58696,2016,Asia,2207.703751
192,Saudi Arabia,34,6.379,1.48953,0.59267,0.37904,0.30008,0.15457,2016,Middle East,NA
193,Taiwan,34,6.379,1.39729,0.79565,0.32377,0.0663,0.25495,2016,Asia,2123.758263
194,Qatar,36,6.375,1.82427,0.71723,0.56679,0.48049,0.32388,2016,Middle East,NA
195,Spain,37,6.361,1.34253,0.87896,0.37545,0.06137,0.17665,2016,Southern Europe,1701.450062
196,Algeria,38,6.355,1.05266,0.61804,0.21006,0.16157,0.07044,2016,Africa,NA
197,Guatemala,39,6.324,0.83454,0.54039,0.50379,0.08701,0.28808,2016,Central America,NA
198,Suriname,40,6.269,1.09686,0.50933,0.52234,0.12692,0.16665,2016,South America,NA
199,Kuwait,41,6.239,1.61714,0.63569,0.43166,0.23669,0.15965,2016,Middle East,NA
200,Bahrain,42,6.218,1.44024,0.65696,0.47375,0.25772,0.17147,2016,Middle East,NA
201,Trinidad and Tobago,43,6.168,1.32572,0.52608,0.48453,0.01241,0.31935,2016,South America,NA
202,Venezuela,44,6.084,1.13367,0.61904,0.19847,0.08304,0.0425,2016,South America,NA
203,Slovakia,45,6.078,1.27973,0.70367,0.23391,0.02947,0.13837,2016,Eastern Europe,NA
204,El Salvador,46,6.068,0.8737,0.596,0.37269,0.10613,0.08877,2016,Central America,NA
205,Malaysia,47,6.005,1.25142,0.62366,0.39031,0.09081,0.41474,2016,Asia,2190.468066
206,Nicaragua,48,5.992,0.69384,0.65213,0.46582,0.16292,0.29773,2016,Central America,NA
207,Uzbekistan,49,5.987,0.73591,0.50163,0.60848,0.28333,0.34326,2016,Asia,NA
208,Italy,50,5.977,1.35495,0.85102,0.18827,0.02556,0.16684,2016,Southern Europe,1721.697513
209,Ecuador,51,5.976,0.97306,0.68613,0.4027,0.18037,0.10074,2016,South America,1572.312511
210,Belize,52,5.956,0.87616,0.45569,0.51231,0.10771,0.23684,2016,Central America,NA
211,Japan,53,5.921,1.38007,0.91491,0.46761,0.18985,0.10224,2016,Asia,1747.1
212,Kazakhstan,54,5.919,1.22943,0.57386,0.4052,0.11132,0.15011,2016,Asia,NA
213,Moldova,55,5.897,0.69177,0.52309,0.25202,0.01903,0.19997,2016,Eastern Europe,NA
214,Russia,56,5.856,1.23228,0.58991,0.32682,0.03586,0.02736,2016,Eastern Europe,NA
215,Poland,57,5.835,1.24585,0.69058,0.4519,0.055,0.14443,2016,Eastern Europe,2051.479344
216,South Korea,57,5.835,1.35948,0.88645,0.25168,0.07716,0.18824,2016,Asia,2062.334165
217,Bolivia,59,5.822,0.79422,0.4697,0.50961,0.07746,0.21698,2016,South America,NA
218,Lithuania,60,5.813,1.2692,0.64674,0.18929,0.0182,0.02025,2016,Northern Europe,1918.818023
219,Belarus,61,5.802,1.13062,0.63104,0.29091,0.17457,0.13942,2016,Eastern Europe,NA
220,North Cyprus,62,5.771,1.31141,0.84142,0.43596,0.16578,0.26322,2016,Southern Europe,NA
221,Slovenia,63,5.768,1.29947,0.79151,0.53164,0.03635,0.25738,2016,Southern Europe,1652.38467
222,Peru,64,5.743,0.99602,0.62994,0.37502,0.05292,0.14527,2016,South America,2139.421772
223,Turkmenistan,65,5.658,1.08017,0.44006,0.37408,0.28467,0.22567,2016,Asia,NA
224,Mauritius,66,5.648,1.14372,0.66189,0.46145,0.05203,0.36951,2016,Africa,NA
225,Libya,67,5.615,1.06688,0.52304,0.40672,0.10339,0.17087,2016,Africa,NA
226,Latvia,68,5.56,1.21788,0.63952,0.27996,0.0889,0.17445,2016,Northern Europe,1902.485614
227,Cyprus,69,5.546,1.31857,0.8488,0.29507,0.05228,0.27906,2016,Southern Europe,1839.67539
228,Paraguay,70,5.538,0.89373,0.58295,0.46235,0.07396,0.25296,2016,South America,NA
229,Romania,71,5.528,1.1697,0.67602,0.36712,0.00679,0.12889,2016,Southern Europe,1809.028424
230,Estonia,72,5.517,1.27964,0.68098,0.41511,0.18519,0.08423,2016,Northern Europe,1855.199296
231,Jamaica,73,5.51,0.89333,0.59469,0.43597,0.04294,0.22245,2016,Caribbean,NA
232,Croatia,74,5.488,1.18649,0.70524,0.23907,0.04002,0.18434,2016,Southern Europe,1834.909737
233,Hong Kong,75,5.458,1.5107,0.95277,0.48079,0.31647,0.40097,2016,Asia,2176.568136
234,Somalia,76,5.44,0,0.11466,0.56778,0.3118,0.27225,2016,Africa,NA
235,Kosovo,77,5.401,0.90145,0.54,0.14396,0.06547,0.27992,2016,Southern Europe,NA
236,Turkey,78,5.389,1.16492,0.64718,0.23889,0.12348,0.04707,2016,Asia,1832
237,Indonesia,79,5.314,0.95104,0.49374,0.39237,0.00322,0.56521,2016,Asia,2014.538886
238,Jordan,80,5.303,0.99673,0.60712,0.36023,0.13297,0.14262,2016,Middle East,NA
239,Azerbaijan,81,5.291,1.12373,0.54504,0.35327,0.17914,0.0564,2016,Caucasus,NA
240,Philippines,82,5.279,0.81217,0.47036,0.54854,0.11757,0.21674,2016,Asia,2159.475031
241,China,83,5.245,1.0278,0.73561,0.44012,0.02745,0.04959,2016,Asia,NA
242,Bhutan,84,5.196,0.8527,0.49759,0.46074,0.1616,0.48546,2016,Asia,NA
243,Kyrgyzstan,85,5.185,0.56044,0.55449,0.40212,0.04762,0.38432,2016,Asia,NA
244,Serbia,86,5.177,1.03437,0.6458,0.15718,0.04339,0.20737,2016,Southern Europe,NA
245,Bosnia and Herzegovina,87,5.163,0.93383,0.70766,0.09511,0,0.29889,2016,Southern Europe,NA
246,Montenegro,88,5.161,1.07838,0.63533,0.15111,0.12721,0.17191,2016,Southern Europe,NA
247,Dominican Republic,89,5.155,1.02787,0.57669,0.52259,0.12372,0.21286,2016,Caribbean,2142.10201
248,Morocco,90,5.151,0.84058,0.59471,0.25646,0.08404,0.04053,2016,Africa,NA
249,Hungary,91,5.145,1.24142,0.67608,0.1977,0.04472,0.099,2016,Eastern Europe,1760.155066
250,Pakistan,92,5.132,0.68816,0.40306,0.14622,0.1388,0.31185,2016,Asia,1997.125812
251,Lebanon,93,5.129,1.12268,0.76171,0.26228,0.03061,0.23693,2016,Middle East,NA
252,Portugal,94,5.123,1.27607,0.79363,0.44727,0.01521,0.11691,2016,Southern Europe,1884.829651
253,Macedonia,95,5.121,1.0193,0.64738,0.27668,0.07047,0.23507,2016,Southern Europe,NA
254,Vietnam,96,5.061,0.74037,0.66157,0.55954,0.11556,0.25075,2016,Asia,2169.551504
255,Somaliland Region,97,5.057,0.25558,0.33108,0.3913,0.36794,0.51479,2016,Africa,NA
256,Tunisia,98,5.045,0.97724,0.59577,0.23553,0.0817,0.03936,2016,Africa,NA
257,Greece,99,5.033,1.24886,0.80029,0.05822,0.04127,0,2016,Southern Europe,2030.090399
258,Tajikistan,100,4.996,0.48835,0.53119,0.43408,0.13509,0.25998,2016,Asia,NA
259,Mongolia,101,4.907,0.98853,0.55469,0.35972,0.03285,0.34539,2016,Asia,NA
260,Laos,102,4.876,0.68042,0.38291,0.52168,0.22423,0.43079,2016,Africa,NA
261,Nigeria,103,4.875,0.75216,0.05108,0.27854,0.0305,0.23219,2016,Africa,NA
262,Honduras,104,4.871,0.69429,0.58383,0.26755,0.06906,0.2044,2016,Central America,NA
263,Iran,105,4.813,1.11758,0.64232,0.22544,0.0557,0.38538,2016,Middle East,NA
264,Zambia,106,4.795,0.61202,0.23573,0.42662,0.11479,0.17866,2016,Africa,NA
265,Nepal,107,4.793,0.44626,0.50073,0.37012,0.07008,0.3816,2016,Asia,NA
266,Palestinian Territories,108,4.754,0.67024,0.56844,0.17744,0.10613,0.11154,2016,Asia,NA
267,Albania,109,4.655,0.9553,0.73007,0.31866,0.05301,0.1684,2016,Southern Europe,NA
268,Bangladesh,110,4.643,0.54177,0.52989,0.39778,0.12583,0.19132,2016,Asia,2473.508958
269,Sierra Leone,111,4.635,0.36485,0,0.30685,0.08196,0.23897,2016,Africa,NA
270,Iraq,112,4.575,1.07474,0.51076,0.24856,0.13636,0.19589,2016,Middle East,NA
271,Namibia,113,4.574,0.93287,0.34745,0.48614,0.10398,0.07795,2016,Africa,NA
272,Cameroon,114,4.513,0.52497,0.12698,0.42736,0.06126,0.2268,2016,Africa,NA
273,Ethiopia,115,4.508,0.29283,0.34578,0.36703,0.1717,0.29522,2016,Africa,NA
274,South Africa,116,4.459,1.02416,0.18611,0.42483,0.08415,0.13656,2016,Africa,2218.455068
275,Sri Lanka,117,4.415,0.97318,0.62007,0.50817,0.07964,0.46978,2016,Asia,1922.44899
276,India,118,4.404,0.74036,0.45091,0.40285,0.08722,0.25028,2016,Asia,2121.243071
277,Myanmar,119,4.395,0.34112,0.3988,0.42692,0.20243,0.81971,2016,Asia,2445.278095
278,Egypt,120,4.362,0.95395,0.52116,0.18847,0.10393,0.12706,2016,Africa,NA
279,Armenia,121,4.36,0.86086,0.64083,0.14037,0.03616,0.07793,2016,Caucasus,NA
280,Kenya,122,4.356,0.52267,0.30147,0.40576,0.06686,0.41328,2016,Africa,NA
281,Ukraine,123,4.324,0.87287,0.58628,0.12859,0.01829,0.20363,2016,Eastern Europe,NA
282,Ghana,124,4.276,0.63107,0.29681,0.40973,0.0326,0.21203,2016,Africa,NA
283,Congo (Kinshasa),125,4.272,0.05661,0.188,0.15602,0.06075,0.25458,2016,Africa,NA
284,Georgia,126,4.252,0.83792,0.64035,0.32461,0.3188,0.06786,2016,Caucasus,NA
285,Congo (Brazzaville),127,4.236,0.77109,0.28212,0.37938,0.09753,0.12077,2016,Africa,NA
286,Senegal,128,4.219,0.44314,0.40457,0.31056,0.11681,0.19103,2016,Africa,NA
287,Bulgaria,129,4.217,1.11306,0.67806,0.21219,0.00615,0.12793,2016,Southern Europe,1643.547432
288,Mauritania,130,4.201,0.61391,0.28639,0.1268,0.17955,0.22686,2016,Africa,NA
289,Zimbabwe,131,4.193,0.35041,0.1595,0.25429,0.08582,0.18503,2016,Africa,NA
290,Malawi,132,4.156,0.08709,0.29364,0.4143,0.07564,0.30968,2016,Africa,NA
291,Sudan,133,4.139,0.63069,0.29759,0,0.10039,0.18077,2016,Africa,NA
292,Gabon,134,4.121,1.15851,0.3494,0.28098,0.09314,0.06244,2016,Africa,NA
293,Mali,135,4.073,0.31292,0.16347,0.27544,0.13647,0.21064,2016,Africa,NA
294,Haiti,136,4.028,0.34097,0.27494,0.12072,0.14476,0.47958,2016,Caribbean,NA
295,Botswana,137,3.974,1.09426,0.34752,0.44089,0.10769,0.12425,2016,Africa,NA
296,Comoros,138,3.956,0.27509,0.29981,0.15412,0.18437,0.1827,2016,Africa,NA
297,Ivory Coast,139,3.916,0.55507,0.04476,0.40663,0.1553,0.20338,2016,Africa,NA
298,Cambodia,140,3.907,0.55604,0.42494,0.58852,0.08092,0.40339,2016,Asia,2467.990052
299,Angola,141,3.866,0.84731,0.04991,0.00589,0.08434,0.12071,2016,Africa,NA
300,Niger,142,3.856,0.1327,0.26162,0.38041,0.17176,0.2097,2016,Africa,NA
301,South Sudan,143,3.832,0.39394,0.15781,0.19662,0.13015,0.25899,2016,Africa,NA
302,Chad,144,3.763,0.42214,0.03824,0.12807,0.04952,0.18667,2016,Africa,NA
303,Burkina Faso,145,3.739,0.31995,0.21297,0.3337,0.12533,0.24353,2016,Africa,NA
304,Uganda,145,3.739,0.34719,0.19625,0.43653,0.06442,0.27102,2016,Africa,NA
305,Yemen,147,3.724,0.57939,0.31048,0.2287,0.05892,0.09821,2016,Middle East,NA
306,Madagascar,148,3.695,0.27954,0.37109,0.13684,0.07506,0.2204,2016,Africa,NA
307,Tanzania,149,3.666,0.47155,0.357,0.3176,0.05099,0.31472,2016,Africa,NA
308,Liberia,150,3.622,0.10706,0.23165,0.25748,0.04852,0.24063,2016,Africa,NA
309,Guinea,151,3.607,0.22415,0.18829,0.30953,0.1192,0.29914,2016,Africa,NA
310,Rwanda,152,3.515,0.32846,0.31865,0.5432,0.50521,0.23552,2016,Africa,NA
311,Benin,153,3.484,0.39499,0.21028,0.39747,0.06681,0.2018,2016,Africa,NA
312,Afghanistan,154,3.36,0.38227,0.17344,0.1643,0.07112,0.31268,2016,Asia,NA
313,Togo,155,3.303,0.28123,0.24811,0.34678,0.11587,0.17517,2016,Africa,NA
314,Syria,156,3.069,0.74719,0.62994,0.06912,0.17233,0.48397,2016,Middle East,NA
315,Burundi,157,2.905,0.06831,0.15747,0.0432,0.09419,0.2029,2016,Africa,NA
316,Norway,1,7.537000179,1.616463184,0.796666503,0.635422587,0.315963835,0.362012237,2017,Northern Europe,1380.779032
317,Denmark,2,7.521999836,1.482383013,0.792565525,0.626006722,0.400770068,0.355280489,2017,Northern Europe,1405.404018
318,Iceland,3,7.504000187,1.48063302,0.833552122,0.627162635,0.153526559,0.475540221,2017,Northern Europe,1464.453441
319,Switzerland,4,7.493999958,1.564979553,0.858131289,0.620070577,0.367007285,0.290549278,2017,Western Europe,1569.530866
320,Finland,5,7.468999863,1.443571925,0.80915767,0.617950857,0.382611543,0.245482773,2017,Northern Europe,1600.320087
321,Netherlands,6,7.376999855,1.503944635,0.810696125,0.585384488,0.282661825,0.47048983,2017,Western Europe,1436.765644
322,Canada,7,7.315999985,1.479204416,0.834557652,0.611100912,0.287371516,0.435539722,2017,North America,1693.784661
323,New Zealand,8,7.31400013,1.405706048,0.816759706,0.61406213,0.382816702,0.500005126,2017,Oceania,1752.574944
324,Sweden,9,7.28399992,1.494387269,0.830875158,0.612924099,0.384398729,0.385399252,2017,Northern Europe,1621.472711
325,Australia,10,7.28399992,1.484414935,0.843886793,0.601607382,0.30118373,0.47769925,2017,Oceania,1736.800304
326,Israel,11,7.212999821,1.375382423,0.838404,0.405988604,0.0852421,0.330082655,2017,Middle East,1920.532508
327,Costa Rica,12,7.078999996,1.109706283,0.759509265,0.58013165,0.100106589,0.214613229,2017,Central America,2185.282478
328,Austria,13,7.006000042,1.487097263,0.815328419,0.56776619,0.221060365,0.316472322,2017,Western Europe,1608.180967
329,United States,14,6.993000031,1.546259284,0.774286628,0.505740523,0.135638788,0.392578781,2017,North America,1763.726676
330,Ireland,15,6.977000237,1.535706639,0.809782624,0.573110342,0.298388153,0.427858323,2017,Northern Europe,1774.749783
331,Germany,16,6.951000214,1.487923384,0.798950732,0.562511384,0.276731938,0.33626917,2017,Western Europe,1391.339722
332,Belgium,17,6.890999794,1.463780761,0.818091869,0.539770722,0.251343131,0.231503338,2017,Western Europe,1577.917666
333,Luxembourg,18,6.862999916,1.741943598,0.845089495,0.596627891,0.318834424,0.283180982,2017,Western Europe,1505.689723
334,United Kingdom,19,6.714000225,1.44163394,0.805335939,0.508190036,0.265428066,0.492774159,2017,Northern Europe,1668.949059
335,Chile,20,6.65199995,1.25278461,0.819479704,0.376895279,0.082287982,0.326662421,2017,South America,1954
336,United Arab Emirates,21,6.647999763,1.626343369,0.726798236,0.60834527,0.324489564,0.360941947,2017,Middle East,NA
337,Brazil,22,6.635000229,1.10735321,0.616552353,0.437453747,0.111092761,0.162349895,2017,South America,1709.594351
338,Czech Republic,23,6.609000206,1.352682352,0.754444003,0.490946174,0.036872927,0.088106759,2017,Eastern Europe,1784.371195
339,Argentina,24,6.598999977,1.185295463,0.695137084,0.494519204,0.059739888,0.109457061,2017,South America,1648.812832
340,Mexico,25,6.578000069,1.153183818,0.709978998,0.412730008,0.132774115,0.120990433,2017,Central America,2148
341,Singapore,26,6.572000027,1.69227767,0.949492395,0.549840569,0.464307785,0.345965981,2017,Asia,2333.344698
342,Malta,27,6.52699995,1.343279839,0.821944237,0.588767052,0.153066069,0.574730575,2017,Southern Europe,1897.17537
343,Uruguay,28,6.453999996,1.217559695,0.719216824,0.579392254,0.178061873,0.175096929,2017,South America,1532.51374
344,Guatemala,29,6.453999996,0.872001946,0.54023999,0.531310618,0.077223279,0.283488393,2017,Central America,NA
345,Panama,30,6.452000141,1.233748436,0.706156135,0.550026834,0.070983924,0.210556939,2017,Central America,NA
346,France,31,6.441999912,1.430923462,0.844465852,0.470222116,0.172502428,0.129762307,2017,Western Europe,1505.367862
347,Thailand,32,6.423999786,1.127868772,0.647239029,0.580200732,0.031612735,0.57212311,2017,Asia,2092.9901
348,Taiwan Province of China,33,6.421999931,1.433626533,0.793984234,0.361466587,0.063829236,0.258360475,2017,Asia,2085.135333
349,Spain,34,6.402999878,1.384397864,0.8889606,0.40878123,0.070914097,0.190133572,2017,Southern Europe,1689.47622
350,Qatar,35,6.375,1.870765686,0.710098088,0.604130983,0.439299256,0.33047387,2017,Middle East,NA
351,Colombia,36,6.356999874,1.070622325,0.595027924,0.477487415,0.046668742,0.149014473,2017,South America,1974.231456
352,Saudi Arabia,37,6.343999863,1.530623555,0.59014833,0.449750572,0.273432255,0.147616014,2017,Middle East,NA
353,Trinidad and Tobago,38,6.168000221,1.361355901,0.519983292,0.518630743,0.008964816,0.325296462,2017,South America,NA
354,Kuwait,39,6.105000019,1.632952452,0.632105708,0.496337593,0.21515955,0.228289798,2017,Middle East,NA
355,Slovakia,40,6.09800005,1.325393558,0.712732911,0.295817465,0.024210852,0.136544481,2017,Eastern Europe,NA
356,Bahrain,41,6.086999893,1.488412261,0.653133035,0.536746919,0.25704217,0.172668487,2017,Middle East,NA
357,Malaysia,42,6.084000111,1.29121542,0.618784428,0.402264982,0.065600708,0.41660893,2017,Asia,2197.058086
358,Nicaragua,43,6.071000099,0.737299204,0.653095961,0.447551847,0.130687982,0.301674217,2017,Central America,NA
359,Ecuador,44,6.007999897,1.000820398,0.685636222,0.455198199,0.140134647,0.150112465,2017,South America,1566.359581
360,El Salvador,45,6.002999783,0.909784496,0.596018553,0.43245253,0.08998096,0.078257985,2017,Central America,NA
361,Poland,46,5.97300005,1.291787863,0.699475348,0.520342112,0.059307806,0.158465967,2017,Eastern Europe,2029.358259
362,Uzbekistan,47,5.971000195,0.786441088,0.498272628,0.658248663,0.246528223,0.415983647,2017,Asia,NA
363,Italy,48,5.964000225,1.395066619,0.853144348,0.256450713,0.028028091,0.172789648,2017,Southern Europe,1719.159291
364,Russia,49,5.962999821,1.281778097,0.547349334,0.373783112,0.032962881,0.052263822,2017,Eastern Europe,NA
365,Belize,50,5.955999851,0.907975316,0.450191766,0.547509372,0.096581072,0.240015641,2017,Central America,NA
366,Japan,51,5.920000076,1.416915178,0.913475871,0.505625546,0.163760737,0.120572768,2017,Asia,1743.7
367,Lithuania,52,5.90199995,1.314582348,0.62894994,0.234231785,0.011865643,0.010164657,2017,Northern Europe,1876.430549
368,Algeria,53,5.872000217,1.091864467,0.617584646,0.233335808,0.14609611,0.069436647,2017,Africa,NA
369,Latvia,54,5.849999905,1.260748625,0.638566971,0.325707912,0.073842727,0.153074786,2017,Northern Europe,1886.510006
370,South Korea,55,5.837999821,1.401678443,0.900214076,0.257921666,0.063282669,0.206674367,2017,Asia,2012.471293
371,Moldova,56,5.837999821,0.72887063,0.589465201,0.240729049,0.010091286,0.208779126,2017,Eastern Europe,NA
372,Romania,57,5.824999809,1.217683911,0.685158312,0.457003742,0.004387901,0.133519918,2017,Southern Europe,1785.796761
373,Bolivia,58,5.822999954,0.833756566,0.47363025,0.558732927,0.060477726,0.225560725,2017,South America,NA
374,Turkmenistan,59,5.822000027,1.130776763,0.43772608,0.418271929,0.25927034,0.249924988,2017,Asia,NA
375,Kazakhstan,60,5.818999767,1.28455627,0.606041551,0.437454283,0.119282886,0.201964423,2017,Asia,NA
376,North Cyprus,61,5.809999943,1.346911311,0.834647238,0.471203625,0.155353352,0.266845703,2017,Southern Europe,NA
377,Slovenia,62,5.757999897,1.341205955,0.790828228,0.572575808,0.045128979,0.242649093,2017,Southern Europe,1621.498747
378,Peru,63,5.715000153,1.035225272,0.630166113,0.450002879,0.047049087,0.126819715,2017,South America,2139.601759
379,Mauritius,64,5.629000187,1.189395547,0.638007462,0.491247326,0.042181555,0.360933751,2017,Africa,NA
380,Cyprus,65,5.620999813,1.355938077,0.844714701,0.355111539,0.041237976,0.271254301,2017,Southern Europe,1821.482647
381,Estonia,66,5.611000061,1.32087934,0.695168316,0.47913143,0.183248922,0.098890811,2017,Northern Europe,1856.682775
382,Belarus,67,5.568999767,1.15655756,0.637714267,0.295400262,0.156313822,0.155137509,2017,Eastern Europe,NA
383,Libya,68,5.525000095,1.101803064,0.52016902,0.46573323,0.09261021,0.152073666,2017,Africa,NA
384,Turkey,69,5.5,1.198274374,0.637605608,0.3007406,0.09967158,0.046693042,2017,Asia,1832
385,Paraguay,70,5.493000031,0.932537317,0.579250693,0.473507792,0.091065913,0.224150658,2017,South America,NA
386,"Hong Kong S.A.R., China",71,5.472000122,1.551674843,0.943062425,0.490968645,0.293933749,0.374465793,2017,Asia,NA
387,Philippines,72,5.429999828,0.857699215,0.468009055,0.585214674,0.099331893,0.193513423,2017,Asia,2168.2965
388,Serbia,73,5.394999981,1.069317579,0.650784671,0.208715528,0.040903781,0.220125884,2017,Southern Europe,NA
389,Jordan,74,5.335999966,0.991012394,0.604590058,0.418421149,0.119803272,0.17217046,2017,Middle East,NA
390,Hungary,75,5.323999882,1.286011934,0.687763453,0.175863519,0.036636937,0.078401662,2017,Eastern Europe,1747.354152
391,Jamaica,76,5.31099987,0.925579309,0.641022384,0.474307239,0.055267781,0.233818337,2017,Caribbean,NA
392,Croatia,77,5.293000221,1.222556233,0.701288521,0.255772293,0.04310311,0.248002976,2017,Southern Europe,1823.767598
393,Kosovo,78,5.278999805,0.951484382,0.54145205,0.260287941,0.057471618,0.319931448,2017,Southern Europe,NA
394,China,79,5.272999763,1.081165791,0.741415501,0.472787708,0.022794275,0.028806841,2017,Asia,NA
395,Pakistan,80,5.269000053,0.726883531,0.402047783,0.235215262,0.124348067,0.315446019,2017,Asia,1966.90718
396,Indonesia,81,5.262000084,0.995538592,0.492345721,0.443323463,0.015317135,0.611704588,2017,Asia,2019.923395
397,Venezuela,82,5.25,1.128431201,0.617144227,0.153997123,0.064491123,0.06501963,2017,South America,NA
398,Montenegro,83,5.236999989,1.121129036,0.667464674,0.194989055,0.088174194,0.197911024,2017,Southern Europe,NA
399,Morocco,84,5.235000134,0.878114581,0.597710669,0.408158332,0.087763183,0.032209955,2017,Africa,NA
400,Azerbaijan,85,5.234000206,1.153601766,0.540775776,0.398155838,0.180987507,0.04526934,2017,Caucasus,NA
401,Dominican Republic,86,5.230000019,1.079373837,0.574873745,0.552589834,0.113945253,0.18696785,2017,Caribbean,2142.10201
402,Greece,87,5.227000237,1.289487481,0.810198903,0.095731251,0.043289777,0,2017,Southern Europe,2045.241374
403,Lebanon,88,5.224999905,1.074987531,0.735081077,0.288515985,0.03751383,0.264450759,2017,Middle East,NA
404,Portugal,89,5.195000172,1.315175295,0.795843542,0.4984653,0.015869452,0.095102713,2017,Southern Europe,1873.619081
405,Bosnia and Herzegovina,90,5.18200016,0.982409418,0.705186307,0.204403177,0,0.328867495,2017,Southern Europe,NA
406,Honduras,91,5.181000233,0.730573118,0.58256948,0.34807986,0.073345453,0.236188874,2017,Central America,NA
407,Macedonia,92,5.175000191,1.064577937,0.644948184,0.325905979,0.060277794,0.253760964,2017,Southern Europe,NA
408,Somalia,93,5.151000023,0.022643184,0.113989137,0.602126956,0.282410324,0.291631311,2017,Africa,NA
409,Vietnam,94,5.073999882,0.788547575,0.652168989,0.571055591,0.087633237,0.234968051,2017,Asia,2131.968232
410,Nigeria,95,5.073999882,0.783756256,0.05691573,0.394952565,0.026121566,0.230947196,2017,Africa,NA
411,Tajikistan,96,5.040999889,0.524713635,0.529235125,0.471566707,0.146377146,0.248997644,2017,Asia,NA
412,Bhutan,97,5.011000156,0.885416389,0.495879292,0.501537681,0.17338039,0.474054545,2017,Asia,NA
413,Kyrgyzstan,98,5.004000187,0.596220076,0.553457797,0.454943389,0.039439179,0.428580374,2017,Asia,NA
414,Nepal,99,4.961999893,0.479820192,0.504130781,0.440305948,0.072975546,0.394096166,2017,Asia,NA
415,Mongolia,100,4.954999924,1.027235866,0.557783484,0.394143969,0.032902289,0.33846423,2017,Asia,NA
416,South Africa,101,4.828999996,1.054698706,0.18708007,0.479246736,0.072509497,0.13936238,2017,Africa,2197.033263
417,Tunisia,102,4.804999828,1.007265806,0.613212049,0.28968069,0.086723149,0.049693357,2017,Africa,NA
418,Palestinian Territories,103,4.775000095,0.716249228,0.565666974,0.254711062,0.089282602,0.114173174,2017,Asia,NA
419,Egypt,104,4.735000134,0.989701807,0.520187259,0.282110155,0.114381365,0.128631443,2017,Africa,NA
420,Bulgaria,105,4.714000225,1.161459088,0.70821768,0.289231718,0.011051531,0.113177694,2017,Southern Europe,1643.258116
421,Sierra Leone,106,4.709000111,0.368420929,0.005564754,0.318697691,0.071095176,0.293040901,2017,Africa,NA
422,Cameroon,107,4.695000172,0.564305365,0.132892117,0.430388749,0.051306631,0.236298457,2017,Africa,NA
423,Iran,108,4.691999912,1.156873107,0.639333189,0.249322608,0.048761073,0.387242913,2017,Middle East,NA
424,Albania,109,4.644000053,0.996192753,0.731159747,0.381498635,0.039864216,0.201312944,2017,Southern Europe,NA
425,Bangladesh,110,4.607999802,0.586682975,0.533241034,0.478356659,0.123717859,0.172255352,2017,Asia,2418.882693
426,Namibia,111,4.573999882,0.964434326,0.338611811,0.520303547,0.093146972,0.077133745,2017,Africa,NA
427,Kenya,112,4.552999973,0.560479462,0.30998835,0.452763766,0.064641319,0.444860309,2017,Africa,NA
428,Mozambique,113,4.550000191,0.23430565,0.106654435,0.480791092,0.179436386,0.322228104,2017,Africa,NA
429,Myanmar,114,4.545000076,0.36711055,0.397522569,0.514492035,0.188816205,0.838075161,2017,Asia,2447.057659
430,Senegal,115,4.534999847,0.479309022,0.409362853,0.377922267,0.115460448,0.183468893,2017,Africa,NA
431,Zambia,116,4.513999939,0.636406779,0.257835895,0.461603492,0.07821355,0.249580145,2017,Africa,NA
432,Iraq,117,4.497000217,1.102710485,0.50118047,0.288555533,0.107215755,0.199637264,2017,Middle East,NA
433,Gabon,118,4.465000153,1.198210239,0.356578588,0.312328577,0.076046787,0.043785378,2017,Africa,NA
434,Ethiopia,119,4.460000038,0.339233845,0.353409708,0.408842742,0.165455714,0.31265074,2017,Africa,NA
435,Sri Lanka,120,4.440000057,1.009850144,0.625130832,0.561213255,0.073653966,0.490863562,2017,Asia,1922.513181
436,Armenia,121,4.375999928,0.900596738,0.637524426,0.198303267,0.026674422,0.083488092,2017,Caucasus,NA
437,India,122,4.315000057,0.792221248,0.455427617,0.469987005,0.092226885,0.231538489,2017,Asia,2122.940682
438,Mauritania,123,4.291999817,0.648457289,0.28534928,0.096098043,0.136957005,0.201870024,2017,Africa,NA
439,Congo (Brazzaville),124,4.290999889,0.808964252,0.289957434,0.435025871,0.079618134,0.120852128,2017,Africa,NA
440,Georgia,125,4.285999775,0.950612664,0.649546981,0.309410036,0.251666635,0.054008815,2017,Caucasus,NA
441,Congo (Kinshasa),126,4.28000021,0.092102349,0.191407025,0.235961348,0.060241356,0.246455833,2017,Africa,NA
442,Mali,127,4.190000057,0.476180494,0.169365674,0.306613743,0.104970247,0.183354199,2017,Africa,NA
443,Ivory Coast,128,4.179999828,0.603048921,0.04864217,0.447706193,0.130061775,0.20123747,2017,Africa,NA
444,Cambodia,129,4.168000221,0.601765096,0.429783404,0.633375823,0.068105951,0.385922968,2017,Asia,2474.911893
445,Sudan,130,4.138999939,0.659516692,0.290920824,0.014995855,0.08984752,0.182317451,2017,Africa,NA
446,Ghana,131,4.119999886,0.667224824,0.295637727,0.423026294,0.02533637,0.256923944,2017,Africa,NA
447,Ukraine,132,4.096000195,0.894651949,0.575903952,0.122974776,0.023029471,0.270061463,2017,Eastern Europe,NA
448,Uganda,133,4.080999851,0.381430715,0.217632607,0.443185955,0.057069719,0.325766057,2017,Africa,NA
449,Burkina Faso,134,4.032000065,0.350227714,0.215844259,0.324367851,0.120328106,0.250864685,2017,Africa,NA
450,Niger,135,4.027999878,0.161925331,0.268505007,0.363658696,0.138572946,0.228673846,2017,Africa,NA
451,Malawi,136,3.970000029,0.233442038,0.315089583,0.466914654,0.072711654,0.28717047,2017,Africa,NA
452,Chad,137,3.936000109,0.438012987,0.041134715,0.162342027,0.053581882,0.21611385,2017,Africa,NA
453,Zimbabwe,138,3.875,0.375846535,0.196763754,0.336384207,0.095375381,0.189143494,2017,Africa,NA
454,Lesotho,139,3.808000088,0.521021247,0,0.390661299,0.11909464,0.157497272,2017,Africa,NA
455,Angola,140,3.795000076,0.85842818,0.049868666,0,0.069720335,0.09792649,2017,Africa,NA
456,Afghanistan,141,3.79399991,0.401477218,0.180746779,0.10617952,0.06115783,0.311870933,2017,Asia,NA
457,Botswana,142,3.766000032,1.122094154,0.341755509,0.505196333,0.098583199,0.099348448,2017,Africa,NA
458,Benin,143,3.657000065,0.431085408,0.209930211,0.425962776,0.060929015,0.207948461,2017,Africa,NA
459,Madagascar,144,3.644000053,0.305808693,0.375223309,0.189196765,0.067231975,0.20873253,2017,Africa,NA
460,Haiti,145,3.602999926,0.368610263,0.27732113,0.030369857,0.09987215,0.489203781,2017,Caribbean,NA
461,Yemen,146,3.592999935,0.591683447,0.310080916,0.249463722,0.056767423,0.104125209,2017,Middle East,NA
462,South Sudan,147,3.59100008,0.397248626,0.163486004,0.147062436,0.116793513,0.285670817,2017,Africa,NA
463,Liberia,148,3.532999992,0.119041793,0.229918197,0.332881182,0.038948249,0.266549885,2017,Africa,NA
464,Guinea,149,3.506999969,0.24454993,0.194129139,0.348587513,0.110937618,0.264815092,2017,Africa,NA
465,Togo,150,3.494999886,0.305444717,0.247105569,0.380426139,0.095665015,0.196896151,2017,Africa,NA
466,Rwanda,151,3.470999956,0.368745893,0.326424807,0.581843853,0.455220014,0.252756029,2017,Africa,NA
467,Syria,152,3.461999893,0.777153134,0.500533342,0.081539445,0.151347131,0.493663728,2017,Middle East,NA
468,Tanzania,153,3.348999977,0.511135876,0.364509284,0.390017778,0.066035107,0.354256362,2017,Africa,NA
469,Burundi,154,2.904999971,0.091622569,0.151610792,0.059900753,0.084147945,0.204435185,2017,Africa,NA
470,Central African Republic,155,2.693000078,0,0.018772686,0.270842046,0.056565076,0.280876487,2017,Africa,NA
471,Finland,1,7.632,1.305,0.874,0.681,0.393,0.202,2018,Northern Europe,1597.730475
472,Norway,2,7.594,1.456,0.861,0.686,0.34,0.286,2018,Northern Europe,1382.52149
473,Denmark,3,7.555,1.351,0.868,0.683,0.408,0.284,2018,Northern Europe,1381.929451
474,Iceland,4,7.495,1.343,0.914,0.677,0.138,0.353,2018,Northern Europe,1449.39528
475,Switzerland,5,7.487,1.42,0.927,0.66,0.357,0.256,2018,Western Europe,1561.182797
476,Netherlands,6,7.441,1.361,0.878,0.638,0.295,0.333,2018,Western Europe,1436.403363
477,Canada,7,7.328,1.33,0.896,0.653,0.291,0.321,2018,North America,1707.05926
478,New Zealand,8,7.324,1.268,0.876,0.669,0.389,0.365,2018,Oceania,1769.084986
479,Sweden,9,7.314,1.355,0.913,0.659,0.383,0.285,2018,Northern Europe,1620.734841
480,Australia,10,7.272,1.34,0.91,0.647,0.302,0.361,2018,Oceania,1729.342063
481,United Kingdom,11,7.19,1.244,0.888,0.464,0.082,0.262,2018,Northern Europe,1663.188884
482,Austria,12,7.139,1.341,0.891,0.617,0.224,0.242,2018,Western Europe,1612.692748
483,Costa Rica,13,7.072,1.01,0.817,0.632,0.101,0.143,2018,Central America,2127.988446
484,Ireland,14,6.977,1.448,0.876,0.614,0.306,0.307,2018,Northern Europe,1785.402163
485,Germany,15,6.965,1.34,0.861,0.586,0.28,0.273,2018,Western Europe,1389.931779
486,Belgium,16,6.927,1.324,0.894,0.583,0.24,0.188,2018,Western Europe,1583.263997
487,Luxembourg,17,6.91,1.576,0.896,0.632,0.321,0.196,2018,Western Europe,1505.713267
488,United States,18,6.886,1.398,0.819,0.547,0.133,0.291,2018,North America,1774.703811
489,Israel,19,6.814,1.301,0.883,0.533,0.272,0.354,2018,Middle East,1912.892321
490,United Arab Emirates,20,6.774,2.096,0.67,0.284,N/A,0.186,2018,Middle East,NA
491,Czech Republic,21,6.711,1.233,0.854,0.543,0.034,0.064,2018,Eastern Europe,1786.68911
492,Malta,22,6.627,1.27,0.884,0.645,0.142,0.376,2018,Southern Europe,1913.26968
493,France,23,6.489,1.293,0.908,0.52,0.176,0.098,2018,Western Europe,1495.457921
494,Mexico,24,6.488,1.038,0.761,0.479,0.095,0.069,2018,Central America,2149
495,Chile,25,6.476,1.131,0.808,0.431,0.061,0.197,2018,South America,1940.6
496,Taiwan,26,6.441,1.365,0.857,0.418,0.078,0.151,2018,Asia,2092.53818
497,Panama,27,6.43,1.112,0.759,0.597,0.063,0.125,2018,Central America,NA
498,Brazil,28,6.419,0.986,0.675,0.493,0.088,0.11,2018,South America,1706.057169
499,Argentina,29,6.388,1.073,0.744,0.57,0.054,0.062,2018,South America,1638.440039
500,Guatemala,30,6.382,0.781,0.608,0.604,0.071,0.179,2018,Central America,NA
501,Uruguay,31,6.379,1.093,0.771,0.625,0.155,0.13,2018,South America,1532.51374
502,Qatar,32,6.374,1.649,0.748,0.654,0.171,0.256,2018,Middle East,NA
503,Saudi Arabia,33,6.371,1.379,0.633,0.509,0.127,0.098,2018,Middle East,NA
504,Singapore,34,6.343,1.529,1.008,0.631,0.457,0.261,2018,Asia,2306.008688
505,Malaysia,35,6.322,1.161,0.669,0.356,0.059,0.311,2018,Asia,2197.058086
506,Spain,36,6.31,1.251,0.965,0.449,0.074,0.142,2018,Southern Europe,1695.501017
507,Colombia,37,6.26,0.96,0.635,0.531,0.039,0.099,2018,South America,1968.367262
508,Trinidad & Tobago,38,6.192,1.223,0.564,0.575,0.019,0.171,2018,South America,NA
509,Slovakia,39,6.173,1.21,0.776,0.354,0.014,0.118,2018,Eastern Europe,NA
510,El Salvador,40,6.167,0.806,0.639,0.461,0.082,0.065,2018,Central America,NA
511,Nicaragua,41,6.141,0.668,0.7,0.527,0.128,0.208,2018,Central America,NA
512,Poland,42,6.123,1.176,0.781,0.546,0.064,0.108,2018,Eastern Europe,2002.151466
513,Bahrain,43,6.105,1.338,0.698,0.594,0.123,0.243,2018,Middle East,NA
514,Uzbekistan,44,6.096,0.719,0.605,0.724,0.259,0.328,2018,Asia,NA
515,Kuwait,45,6.083,1.474,0.675,0.554,0.106,0.167,2018,Middle East,NA
516,Thailand,46,6.072,1.016,0.707,0.637,0.029,0.364,2018,Asia,2092.9901
517,Italy,47,6,1.264,0.946,0.281,0.028,0.137,2018,Southern Europe,1722.318456
518,Ecuador,48,5.973,0.889,0.736,0.556,0.12,0.114,2018,South America,1568.140274
519,Belize,49,5.956,0.807,0.474,0.593,0.089,0.183,2018,Central America,NA
520,Lithuania,50,5.952,1.197,0.716,0.35,0.006,0.026,2018,Northern Europe,1884.499493
521,Slovenia,51,5.948,1.219,0.856,0.633,0.051,0.16,2018,Southern Europe,1598.703856
522,Romania,52,5.945,1.116,0.726,0.528,0.001,0.088,2018,Southern Europe,1787.766373
523,Latvia,53,5.933,1.148,0.671,0.363,0.066,0.092,2018,Northern Europe,1899.594548
524,Japan,54,5.915,1.294,0.988,0.553,0.15,0.079,2018,Asia,1729
525,Mauritius,55,5.891,1.09,0.684,0.584,0.05,0.245,2018,Africa,NA
526,Jamaica,56,5.89,0.819,0.693,0.575,0.031,0.096,2018,Caribbean,NA
527,South Korea,57,5.875,1.266,0.955,0.244,0.051,0.175,2018,Asia,1987.539723
528,Northern Cyprus,58,5.835,1.229,0.909,0.495,0.154,0.179,2018,Southern Europe,NA
529,Russia,59,5.81,1.151,0.599,0.399,0.025,0.065,2018,Eastern Europe,NA
530,Kazakhstan,60,5.79,1.143,0.631,0.454,0.121,0.148,2018,Asia,NA
531,Cyprus,61,5.762,1.229,0.909,0.423,0.035,0.202,2018,Southern Europe,1809.583284
532,Bolivia,62,5.752,0.751,0.508,0.606,0.054,0.141,2018,South America,NA
533,Estonia,63,5.739,1.2,0.737,0.553,0.174,0.086,2018,Northern Europe,1810.378753
534,Paraguay,64,5.681,0.835,0.615,0.541,0.074,0.162,2018,South America,NA
535,Peru,65,5.663,0.934,0.674,0.53,0.034,0.092,2018,South America,2139.601759
536,Kosovo,66,5.662,0.855,0.578,0.448,0.023,0.274,2018,Southern Europe,NA
537,Moldova,67,5.64,0.657,0.62,0.232,0,0.171,2018,Eastern Europe,NA
538,Turkmenistan,68,5.636,1.016,0.517,0.417,0.037,0.199,2018,Asia,NA
539,Hungary,69,5.62,1.171,0.732,0.259,0.022,0.061,2018,Eastern Europe,1728.87777
540,Libya,70,5.566,0.985,0.553,0.496,0.148,0.116,2018,Africa,NA
541,Philippines,71,5.524,0.775,0.513,0.643,0.105,0.12,2018,Asia,2168.2965
542,Honduras,72,5.504,0.62,0.622,0.459,0.074,0.197,2018,Central America,NA
543,Belarus,73,5.483,1.039,0.7,0.307,0.154,0.101,2018,Eastern Europe,NA
544,Turkey,74,5.483,1.148,0.686,0.324,0.109,0.106,2018,Asia,1832
545,Pakistan,75,5.472,0.652,0.424,0.334,0.113,0.216,2018,Asia,1966.90718
546,Hong Kong,76,5.43,1.405,1.03,0.524,0.291,0.246,2018,Asia,2147.574362
547,Portugal,77,5.41,1.188,0.884,0.562,0.017,0.055,2018,Southern Europe,1867.852012
548,Serbia,78,5.398,0.975,0.685,0.288,0.043,0.134,2018,Southern Europe,NA
549,Greece,79,5.358,1.154,0.879,0.131,0.044,0,2018,Southern Europe,2044.431006
550,Lebanon,80,5.358,0.965,0.785,0.503,0.136,0.214,2018,Middle East,NA
551,Montenegro,81,5.347,1.017,0.729,0.259,0.081,0.111,2018,Southern Europe,NA
552,Croatia,82,5.321,1.115,0.737,0.38,0.039,0.12,2018,Southern Europe,1810.869578
553,Dominican Republic,83,5.302,0.982,0.614,0.578,0.106,0.12,2018,Caribbean,2142.10201
554,Algeria,84,5.295,0.979,0.687,0.077,0.135,0.055,2018,Africa,NA
555,Morocco,85,5.254,0.779,0.669,0.46,0.074,0.026,2018,Africa,NA
556,China,86,5.246,0.989,0.799,0.597,0.103,0.029,2018,Asia,NA
557,Azerbaijan,87,5.201,1.024,0.603,0.43,0.176,0.031,2018,Caucasus,NA
558,Tajikistan,88,5.199,0.474,0.598,0.292,0.034,0.187,2018,Asia,NA
559,Macedonia,89,5.185,0.959,0.691,0.394,0.052,0.173,2018,Southern Europe,NA
560,Jordan,90,5.161,0.822,0.645,0.468,0.134,0.13,2018,Middle East,NA
561,Nigeria,91,5.155,0.689,0.048,0.462,0.032,0.201,2018,Africa,NA
562,Kyrgyzstan,92,5.131,0.53,0.594,0.54,0.035,0.281,2018,Asia,NA
563,Bosnia and Herzegovina,93,5.129,0.915,0.758,0.28,0,0.216,2018,Southern Europe,NA
564,Mongolia,94,5.125,0.914,0.575,0.395,0.032,0.253,2018,Asia,NA
565,Vietnam,95,5.103,0.715,0.702,0.618,0.079,0.177,2018,Asia,2131.968232
566,Indonesia,96,5.093,0.899,0.522,0.538,0.018,0.484,2018,Asia,2019.923395
567,Bhutan,97,5.082,0.796,0.527,0.541,0.171,0.364,2018,Asia,NA
568,Somalia,98,4.982,0,0.115,0.674,0.282,0.238,2018,Africa,NA
569,Cameroon,99,4.975,0.535,0.182,0.454,0.043,0.183,2018,Africa,NA
570,Bulgaria,100,4.933,1.054,0.712,0.359,0.009,0.064,2018,Southern Europe,1644.571563
571,Nepal,101,4.88,0.425,0.539,0.526,0.078,0.302,2018,Asia,NA
572,Venezuela,102,4.806,0.996,0.657,0.133,0.052,0.056,2018,South America,NA
573,Gabon,103,4.758,1.036,0.404,0.356,0.052,0.032,2018,Africa,NA
574,Palestinian Territories,104,4.743,0.642,0.602,0.266,0.076,0.086,2018,Asia,NA
575,South Africa,105,4.724,0.94,0.33,0.516,0.056,0.103,2018,Africa,2191.363362
576,Iran,106,4.707,1.059,0.691,0.459,0.129,0.282,2018,Middle East,NA
577,Ivory Coast,107,4.671,0.541,0.08,0.467,0.103,0.146,2018,Africa,NA
578,Ghana,108,4.657,0.592,0.337,0.499,0.029,0.212,2018,Africa,NA
579,Senegal,109,4.631,0.429,0.433,0.406,0.082,0.138,2018,Africa,NA
580,Laos,110,4.623,0.72,0.441,0.626,0.174,0.23,2018,Africa,NA
581,Tunisia,111,4.592,0.9,0.69,0.271,0.063,0.04,2018,Africa,NA
582,Albania,112,4.586,0.916,0.79,0.419,0.032,0.149,2018,Southern Europe,NA
583,Sierra Leone,113,4.571,0.256,0,0.355,0.053,0.238,2018,Africa,NA
584,Congo (Brazzaville),114,4.559,0.682,0.343,0.514,0.077,0.091,2018,Africa,NA
585,Bangladesh,115,4.5,0.532,0.579,0.58,0.144,0.153,2018,Asia,2418.882693
586,Sri Lanka,116,4.471,0.918,0.672,0.585,0.05,0.307,2018,Asia,1922.513181
587,Iraq,117,4.456,1.01,0.536,0.304,0.095,0.148,2018,Middle East,NA
588,Mali,118,4.447,0.37,0.152,0.367,0.056,0.139,2018,Africa,NA
589,Namibia,119,4.441,0.874,0.365,0.519,0.064,0.051,2018,Africa,NA
590,Cambodia,120,4.433,0.549,0.457,0.696,0.065,0.256,2018,Asia,2474.911893
591,Burkina Faso,121,4.424,0.314,0.254,0.312,0.128,0.175,2018,Africa,NA
592,Egypt,122,4.419,0.885,0.553,0.312,0.107,0.092,2018,Africa,NA
593,Mozambique,123,4.417,0.198,0.173,0.531,0.158,0.206,2018,Africa,NA
594,Kenya,124,4.41,0.493,0.454,0.504,0.055,0.352,2018,Africa,NA
595,Zambia,125,4.377,0.562,0.295,0.503,0.082,0.221,2018,Africa,NA
596,Mauritania,126,4.356,0.557,0.292,0.129,0.093,0.134,2018,Africa,NA
597,Ethiopia,127,4.35,0.308,0.391,0.452,0.146,0.22,2018,Africa,NA
598,Georgia,128,4.34,0.853,0.643,0.375,0.215,0.038,2018,Caucasus,NA
599,Armenia,129,4.321,0.816,0.666,0.26,0.028,0.077,2018,Caucasus,NA
600,Myanmar,130,4.308,0.682,0.429,0.58,0.178,0.598,2018,Asia,2447.057659
601,Chad,131,4.301,0.358,0.053,0.189,0.06,0.181,2018,Africa,NA
602,Congo (Kinshasa),132,4.245,0.069,0.204,0.312,0.052,0.197,2018,Africa,NA
603,India,133,4.19,0.721,0.485,0.539,0.093,0.172,2018,Asia,2122.940682
604,Niger,134,4.166,0.131,0.221,0.39,0.099,0.175,2018,Africa,NA
605,Uganda,135,4.161,0.322,0.237,0.45,0.061,0.259,2018,Africa,NA
606,Benin,136,4.141,0.378,0.24,0.44,0.067,0.163,2018,Africa,NA
607,Sudan,137,4.139,0.605,0.312,0.016,0.082,0.134,2018,Africa,NA
608,Ukraine,138,4.103,0.793,0.609,0.163,0.011,0.187,2018,Eastern Europe,NA
609,Togo,139,3.999,0.259,0.253,0.434,0.101,0.158,2018,Africa,NA
610,Guinea,140,3.964,0.344,0.211,0.394,0.094,0.185,2018,Africa,NA
611,Lesotho,141,3.808,0.472,0.079,0.423,0.112,0.116,2018,Africa,NA
612,Angola,142,3.795,0.73,0.269,0,0.061,0.079,2018,Africa,NA
613,Madagascar,143,3.774,0.262,0.402,0.221,0.049,0.155,2018,Africa,NA
614,Zimbabwe,144,3.692,0.357,0.248,0.406,0.099,0.132,2018,Africa,NA
615,Afghanistan,145,3.632,0.332,0.255,0.085,0.036,0.191,2018,Asia,NA
616,Botswana,146,3.59,1.017,0.417,0.557,0.092,0.042,2018,Africa,NA
617,Malawi,147,3.587,0.186,0.306,0.531,0.08,0.21,2018,Africa,NA
618,Haiti,148,3.582,0.315,0.289,0.025,0.104,0.392,2018,Caribbean,NA
619,Liberia,149,3.495,0.076,0.267,0.419,0.03,0.206,2018,Africa,NA
620,Syria,150,3.462,0.689,0.539,0.088,0.144,0.376,2018,Middle East,NA
621,Rwanda,151,3.408,0.332,0.4,0.636,0.444,0.2,2018,Africa,NA
622,Yemen,152,3.355,0.442,0.343,0.244,0.064,0.083,2018,Middle East,NA
623,Tanzania,153,3.303,0.455,0.381,0.481,0.097,0.27,2018,Africa,NA
624,South Sudan,154,3.254,0.337,0.177,0.112,0.106,0.224,2018,Africa,NA
625,Central African Republic,155,3.083,0.024,0.01,0.305,0.038,0.218,2018,Africa,NA
626,Burundi,156,2.905,0.091,0.145,0.065,0.076,0.149,2018,Africa,NA
627,Finland,1,7.769,1.34,0.986,0.596,0.393,0.153,2019,Northern Europe,1590.694538
628,Denmark,2,7.6,1.383,0.996,0.592,0.41,0.252,2019,Northern Europe,1380.607643
629,Norway,3,7.554,1.488,1.028,0.603,0.341,0.271,2019,Northern Europe,1384.073291
630,Iceland,4,7.494,1.38,1.026,0.591,0.118,0.354,2019,Northern Europe,1454.494825
631,Netherlands,5,7.488,1.396,0.999,0.557,0.298,0.322,2019,Western Europe,1439.731516
632,Switzerland,6,7.48,1.452,1.052,0.572,0.343,0.263,2019,Western Europe,1556.882844
633,Sweden,7,7.343,1.387,1.009,0.574,0.373,0.267,2019,Northern Europe,1605.276602
634,New Zealand,8,7.307,1.303,1.026,0.585,0.38,0.33,2019,Oceania,1778.984431
635,Canada,9,7.278,1.365,1.039,0.584,0.308,0.285,2019,North America,1689.280933
636,Austria,10,7.246,1.376,1.016,0.532,0.226,0.244,2019,Western Europe,1611.374223
637,Australia,11,7.228,1.372,1.036,0.557,0.29,0.332,2019,Oceania,1726.797659
638,Costa Rica,12,7.167,1.034,0.963,0.558,0.093,0.144,2019,Central America,2069.245457
639,Israel,13,7.139,1.276,1.029,0.371,0.082,0.261,2019,Middle East,1900.874779
640,Luxembourg,14,7.09,1.609,1.012,0.526,0.316,0.194,2019,Western Europe,NA
641,United Kingdom,15,7.054,1.333,0.996,0.45,0.278,0.348,2019,Northern Europe,1667.947711
642,Ireland,16,7.021,1.499,0.999,0.516,0.31,0.298,2019,Northern Europe,1771.977942
643,Germany,17,6.985,1.373,0.987,0.495,0.265,0.261,2019,Western Europe,1386.196834
644,Belgium,18,6.923,1.356,0.986,0.473,0.21,0.16,2019,Western Europe,1586.430997
645,United States,19,6.892,1.433,0.874,0.454,0.128,0.28,2019,North America,1765.34639
646,Czech Republic,20,6.852,1.269,0.92,0.457,0.036,0.046,2019,Eastern Europe,1787.543402
647,United Arab Emirates,21,6.825,1.503,0.825,0.598,0.182,0.262,2019,Middle East,NA
648,Malta,22,6.726,1.3,0.999,0.564,0.151,0.375,2019,Southern Europe,1915.416717
649,Mexico,23,6.595,1.07,0.861,0.433,0.073,0.074,2019,Central America,2137
650,France,24,6.592,1.324,1.045,0.436,0.183,0.111,2019,Western Europe,1504.912353
651,Taiwan,25,6.446,1.368,0.914,0.351,0.097,0.242,2019,Asia,2090.070564
652,Chile,26,6.444,1.159,0.92,0.357,0.056,0.187,2019,South America,1914.4
653,Guatemala,27,6.436,0.8,0.746,0.535,0.078,0.175,2019,Central America,NA
654,Saudi Arabia,28,6.375,1.403,0.795,0.439,0.132,0.08,2019,Middle East,NA
655,Qatar,29,6.374,1.684,0.871,0.555,0.167,0.22,2019,Middle East,NA
656,Spain,30,6.354,1.286,1.062,0.362,0.079,0.153,2019,Southern Europe,1685.951506
657,Panama,31,6.321,1.149,0.91,0.516,0.054,0.109,2019,Central America,NA
658,Brazil,32,6.3,1.004,0.802,0.39,0.086,0.099,2019,South America,1707.795058
659,Uruguay,33,6.293,1.124,0.891,0.523,0.15,0.127,2019,South America,1532.51374
660,Singapore,34,6.262,1.572,1.141,0.556,0.453,0.271,2019,Asia,2330.165875
661,El Salvador,35,6.253,0.794,0.789,0.43,0.074,0.093,2019,Central America,NA
662,Italy,36,6.223,1.294,1.039,0.231,0.03,0.158,2019,Southern Europe,1717.833818
663,Bahrain,37,6.199,1.362,0.871,0.536,0.11,0.255,2019,Middle East,NA
664,Slovakia,38,6.198,1.246,0.881,0.334,0.014,0.121,2019,Eastern Europe,NA
665,Trinidad & Tobago,39,6.192,1.231,0.713,0.489,0.016,0.185,2019,South America,NA
666,Poland,40,6.182,1.206,0.884,0.483,0.05,0.117,2019,Eastern Europe,2022.632232
667,Uzbekistan,41,6.174,0.745,0.756,0.631,0.24,0.322,2019,Asia,NA
668,Lithuania,42,6.149,1.238,0.818,0.291,0.042,0.043,2019,Northern Europe,1886.084474
669,Colombia,43,6.125,0.985,0.841,0.47,0.034,0.099,2019,South America,1968.367262
670,Slovenia,44,6.118,1.258,0.953,0.564,0.057,0.144,2019,Southern Europe,1592.933904
671,Nicaragua,45,6.105,0.694,0.835,0.435,0.127,0.2,2019,Central America,NA
672,Kosovo,46,6.1,0.882,0.758,0.489,0.006,0.262,2019,Southern Europe,NA
673,Argentina,47,6.086,1.092,0.881,0.471,0.05,0.066,2019,South America,1609.068998
674,Romania,48,6.07,1.162,0.825,0.462,0.005,0.083,2019,Southern Europe,1791.735429
675,Cyprus,49,6.046,1.263,1.042,0.406,0.041,0.19,2019,Southern Europe,1805.239785
676,Ecuador,50,6.028,0.912,0.868,0.498,0.087,0.126,2019,South America,1551.642809
677,Kuwait,51,6.021,1.5,0.808,0.493,0.097,0.142,2019,Middle East,NA
678,Thailand,52,6.008,1.05,0.828,0.557,0.028,0.359,2019,Asia,2092.9901
679,Latvia,53,5.94,1.187,0.812,0.264,0.064,0.075,2019,Northern Europe,1864.975821
680,South Korea,54,5.895,1.301,1.036,0.159,0.056,0.175,2019,Asia,1979.526258
681,Estonia,55,5.893,1.237,0.874,0.495,0.161,0.103,2019,Northern Europe,1797.214536
682,Jamaica,56,5.89,0.831,0.831,0.49,0.028,0.107,2019,Caribbean,NA
683,Mauritius,57,5.888,1.12,0.798,0.498,0.06,0.215,2019,Africa,NA
684,Japan,58,5.886,1.327,1.088,0.445,0.14,0.069,2019,Asia,1691.08526
685,Honduras,59,5.86,0.642,0.828,0.507,0.078,0.246,2019,Central America,NA
686,Kazakhstan,60,5.809,1.173,0.729,0.41,0.096,0.146,2019,Asia,NA
687,Bolivia,61,5.779,0.776,0.706,0.511,0.064,0.137,2019,South America,NA
688,Hungary,62,5.758,1.201,0.828,0.199,0.02,0.081,2019,Eastern Europe,1725.227965
689,Paraguay,63,5.743,0.855,0.777,0.514,0.08,0.184,2019,South America,NA
690,Northern Cyprus,64,5.718,1.263,1.042,0.417,0.162,0.191,2019,Southern Europe,NA
691,Peru,65,5.697,0.96,0.854,0.455,0.027,0.083,2019,South America,2139.601759
692,Portugal,66,5.693,1.221,0.999,0.508,0.025,0.047,2019,Southern Europe,1864.58836
693,Pakistan,67,5.653,0.677,0.535,0.313,0.098,0.22,2019,Asia,1966.90718
694,Russia,68,5.648,1.183,0.726,0.334,0.031,0.082,2019,Eastern Europe,NA
695,Philippines,69,5.631,0.807,0.657,0.558,0.107,0.117,2019,Asia,2168.2965
696,Serbia,70,5.603,1.004,0.854,0.282,0.039,0.137,2019,Southern Europe,NA
697,Moldova,71,5.529,0.685,0.739,0.245,0,0.181,2019,Eastern Europe,NA
698,Libya,72,5.525,1.044,0.673,0.416,0.152,0.133,2019,Africa,NA
699,Montenegro,73,5.523,1.051,0.871,0.197,0.08,0.142,2019,Southern Europe,NA
700,Tajikistan,74,5.467,0.493,0.718,0.389,0.144,0.23,2019,Asia,NA
701,Croatia,75,5.432,1.155,0.914,0.296,0.022,0.119,2019,Southern Europe,1831.32341
702,Hong Kong,76,5.43,1.438,1.122,0.44,0.287,0.258,2019,Asia,2147.574362
703,Dominican Republic,77,5.425,1.015,0.779,0.497,0.101,0.113,2019,Caribbean,2142.10201
704,Bosnia and Herzegovina,78,5.386,0.945,0.845,0.212,0.006,0.263,2019,Southern Europe,NA
705,Turkey,79,5.373,1.183,0.808,0.195,0.106,0.083,2019,Asia,1832
706,Malaysia,80,5.339,1.221,0.828,0.508,0.024,0.26,2019,Asia,2197.058086
707,Belarus,81,5.323,1.067,0.789,0.235,0.142,0.094,2019,Eastern Europe,NA
708,Greece,82,5.287,1.181,0.999,0.067,0.034,0,2019,Southern Europe,2036.463521
709,Mongolia,83,5.285,0.948,0.667,0.317,0.038,0.235,2019,Asia,NA
710,North Macedonia,84,5.274,0.983,0.838,0.345,0.034,0.185,2019,Southern Europe,NA
711,Nigeria,85,5.265,0.696,0.245,0.426,0.041,0.215,2019,Africa,NA
712,Kyrgyzstan,86,5.261,0.551,0.723,0.508,0.023,0.3,2019,Asia,NA
713,Turkmenistan,87,5.247,1.052,0.657,0.394,0.028,0.244,2019,Asia,NA
714,Algeria,88,5.211,1.002,0.785,0.086,0.114,0.073,2019,Africa,NA
715,Morocco,89,5.208,0.801,0.782,0.418,0.076,0.036,2019,Africa,NA
716,Azerbaijan,90,5.208,1.043,0.769,0.351,0.182,0.035,2019,Caucasus,NA
717,Lebanon,91,5.197,0.987,0.815,0.216,0.027,0.166,2019,Middle East,NA
718,Indonesia,92,5.192,0.931,0.66,0.491,0.028,0.498,2019,Asia,2019.923395
719,China,93,5.191,1.029,0.893,0.521,0.1,0.058,2019,Asia,NA
720,Vietnam,94,5.175,0.741,0.851,0.543,0.073,0.147,2019,Asia,2131.968232
721,Bhutan,95,5.082,0.813,0.604,0.457,0.167,0.37,2019,Asia,NA
722,Cameroon,96,5.044,0.549,0.331,0.381,0.037,0.187,2019,Africa,NA
723,Bulgaria,97,5.011,1.092,0.815,0.311,0.004,0.081,2019,Southern Europe,1645.246464
724,Ghana,98,4.996,0.611,0.486,0.381,0.04,0.245,2019,Africa,NA
725,Ivory Coast,99,4.944,0.569,0.232,0.352,0.09,0.154,2019,Africa,NA
726,Nepal,100,4.913,0.446,0.677,0.439,0.089,0.285,2019,Asia,NA
727,Jordan,101,4.906,0.837,0.815,0.383,0.13,0.11,2019,Middle East,NA
728,Benin,102,4.883,0.393,0.397,0.349,0.082,0.175,2019,Africa,NA
729,Congo (Brazzaville),103,4.812,0.673,0.508,0.372,0.093,0.105,2019,Africa,NA
730,Gabon,104,4.799,1.057,0.571,0.295,0.055,0.043,2019,Africa,NA
731,Laos,105,4.796,0.764,0.551,0.547,0.164,0.266,2019,Africa,NA
732,South Africa,106,4.722,0.96,0.469,0.389,0.055,0.13,2019,Africa,2191.363362
733,Albania,107,4.719,0.947,0.874,0.383,0.027,0.178,2019,Southern Europe,NA
734,Venezuela,108,4.707,0.96,0.805,0.154,0.047,0.064,2019,South America,NA
735,Cambodia,109,4.7,0.574,0.637,0.609,0.062,0.232,2019,Asia,2474.911893
736,Palestinian Territories,110,4.696,0.657,0.672,0.225,0.066,0.103,2019,Asia,NA
737,Senegal,111,4.681,0.45,0.571,0.292,0.072,0.153,2019,Africa,NA
738,Somalia,112,4.668,0,0.268,0.559,0.27,0.243,2019,Africa,NA
739,Namibia,113,4.639,0.879,0.477,0.401,0.056,0.07,2019,Africa,NA
740,Niger,114,4.628,0.138,0.366,0.318,0.102,0.188,2019,Africa,NA
741,Burkina Faso,115,4.587,0.331,0.38,0.255,0.113,0.177,2019,Africa,NA
742,Armenia,116,4.559,0.85,0.815,0.283,0.064,0.095,2019,Caucasus,NA
743,Iran,117,4.548,1.1,0.785,0.305,0.125,0.27,2019,Middle East,NA
744,Guinea,118,4.534,0.38,0.375,0.332,0.086,0.207,2019,Africa,NA
745,Georgia,119,4.519,0.886,0.752,0.346,0.164,0.043,2019,Caucasus,NA
746,Gambia,120,4.516,0.308,0.428,0.382,0.167,0.269,2019,Africa,NA
747,Kenya,121,4.509,0.512,0.581,0.431,0.053,0.372,2019,Africa,NA
748,Mauritania,122,4.49,0.57,0.489,0.066,0.088,0.106,2019,Africa,NA
749,Mozambique,123,4.466,0.204,0.39,0.494,0.138,0.197,2019,Africa,NA
750,Tunisia,124,4.461,0.921,0.815,0.167,0.055,0.059,2019,Africa,NA
751,Bangladesh,125,4.456,0.562,0.723,0.527,0.143,0.166,2019,Asia,2418.882693
752,Iraq,126,4.437,1.043,0.574,0.241,0.089,0.148,2019,Middle East,NA
753,Congo (Kinshasa),127,4.418,0.094,0.357,0.269,0.053,0.212,2019,Africa,NA
754,Mali,128,4.39,0.385,0.308,0.327,0.052,0.153,2019,Africa,NA
755,Sierra Leone,129,4.374,0.268,0.242,0.309,0.045,0.252,2019,Africa,NA
756,Sri Lanka,130,4.366,0.949,0.831,0.47,0.047,0.244,2019,Asia,1922.513181
757,Myanmar,131,4.36,0.71,0.555,0.525,0.172,0.566,2019,Asia,2447.057659
758,Chad,132,4.35,0.35,0.192,0.174,0.078,0.198,2019,Africa,NA
759,Ukraine,133,4.332,0.82,0.739,0.178,0.01,0.187,2019,Eastern Europe,NA
760,Ethiopia,134,4.286,0.336,0.532,0.344,0.1,0.209,2019,Africa,NA
761,Swaziland,135,4.212,0.811,0,0.313,0.135,0.074,2019,Africa,NA
762,Uganda,136,4.189,0.332,0.443,0.356,0.06,0.252,2019,Africa,NA
763,Egypt,137,4.166,0.913,0.644,0.241,0.067,0.076,2019,Africa,NA
764,Zambia,138,4.107,0.578,0.426,0.431,0.087,0.247,2019,Africa,NA
765,Togo,139,4.085,0.275,0.41,0.293,0.085,0.177,2019,Africa,NA
766,India,140,4.015,0.755,0.588,0.498,0.085,0.2,2019,Asia,2122.940682
767,Liberia,141,3.975,0.073,0.443,0.37,0.033,0.233,2019,Africa,NA
768,Comoros,142,3.973,0.274,0.505,0.142,0.078,0.275,2019,Africa,NA
769,Madagascar,143,3.933,0.274,0.555,0.148,0.041,0.169,2019,Africa,NA
770,Lesotho,144,3.802,0.489,0.168,0.359,0.093,0.107,2019,Africa,NA
771,Burundi,145,3.775,0.046,0.38,0.22,0.18,0.176,2019,Africa,NA
772,Zimbabwe,146,3.663,0.366,0.433,0.361,0.089,0.151,2019,Africa,NA
773,Haiti,147,3.597,0.323,0.449,0.026,0.11,0.419,2019,Caribbean,NA
774,Botswana,148,3.488,1.041,0.538,0.455,0.1,0.025,2019,Africa,NA
775,Syria,149,3.462,0.619,0.44,0.013,0.141,0.331,2019,Middle East,NA
776,Malawi,150,3.41,0.191,0.495,0.443,0.089,0.218,2019,Africa,NA
777,Yemen,151,3.38,0.287,0.463,0.143,0.077,0.108,2019,Middle East,NA
778,Rwanda,152,3.334,0.359,0.614,0.555,0.411,0.217,2019,Africa,NA
779,Tanzania,153,3.231,0.476,0.499,0.417,0.147,0.276,2019,Africa,NA
780,Afghanistan,154,3.203,0.35,0.361,0,0.025,0.158,2019,Asia,NA
781,Central African Republic,155,3.083,0.026,0.105,0.225,0.035,0.235,2019,Africa,NA
782,South Sudan,156,2.853,0.306,0.295,0.01,0.091,0.202,2019,Africa,NA
783,Finland,1,7.808700085,1.285189509,0.961271405,0.66231674,0.477857262,0.159670442,2020,Northern Europe,NA
784,Denmark,2,7.645599842,1.326948524,0.979332566,0.665039897,0.495260328,0.242793396,2020,Northern Europe,NA
785,Switzerland,3,7.559899807,1.39077425,1.040533185,0.62895447,0.407945901,0.269055754,2020,Western Europe,NA
786,Iceland,4,7.504499912,1.326501608,1.000843406,0.661980748,0.144540772,0.362330228,2020,Northern Europe,NA
787,Norway,5,7.487999916,1.42420733,1.008071899,0.670200884,0.434100568,0.287985086,2020,Northern Europe,NA
788,Netherlands,6,7.448900223,1.338946342,0.975675344,0.61362648,0.368569762,0.336317569,2020,Western Europe,NA
789,Sweden,7,7.353499889,1.322235227,0.986470461,0.650297701,0.442066371,0.272827893,2020,Northern Europe,NA
790,New Zealand,8,7.299600124,1.242317915,1.008138299,0.646789908,0.461268276,0.325726211,2020,Oceania,NA
791,Austria,9,7.294199944,1.317285538,1.000933528,0.603368878,0.281256139,0.255509764,2020,Western Europe,NA
792,Luxembourg,10,7.237500191,1.536676049,0.986442685,0.610137045,0.367041469,0.19595392,2020,Western Europe,NA
793,Canada,11,7.23210001,1.301647663,1.022501945,0.644028127,0.351701856,0.28152892,2020,North America,NA
794,Australia,12,7.222799778,1.310396433,1.022607684,0.621877193,0.335996419,0.324973613,2020,Oceania,NA
795,United Kingdom,13,7.164500237,1.273061037,0.97570008,0.525168657,0.322601646,0.373433441,2020,Northern Europe,NA
796,Israel,14,7.128600121,1.216463685,1.008052945,0.420699477,0.09989845,0.266861796,2020,Middle East,NA
797,Costa Rica,15,7.121399879,0.981107712,0.939635336,0.645017743,0.096362092,0.131266311,2020,Central America,NA
798,Ireland,16,7.093699932,1.446886778,0.975670695,0.587779939,0.373433262,0.295426995,2020,Northern Europe,NA
799,Germany,17,7.075799942,1.314184546,0.972114801,0.564274132,0.309362292,0.252037704,2020,Western Europe,NA
800,United States,18,6.939599991,1.37398684,0.831618011,0.534608245,0.152284741,0.298143059,2020,North America,NA
801,Czech Republic,19,6.910900116,1.212322354,0.89456445,0.505744576,0.049803223,0.046325929,2020,Eastern Europe,NA
802,Belgium,20,6.863500118,1.295842767,0.964901149,0.499805421,0.208724052,0.146966159,2020,Western Europe,NA
803,United Arab Emirates,21,6.790800095,1.431086421,0.787814438,0.652936101,0.220213518,0.28065598,2020,Middle East,NA
804,Malta,22,6.772799969,1.252513289,0.972042024,0.633239031,0.178864077,0.341180831,2020,Southern Europe,NA
805,France,23,6.663799763,1.268129349,1.029714227,0.514050901,0.227303237,0.112607703,2020,Western Europe,NA
806,Mexico,24,6.465000153,1.024387479,0.831601024,0.553892553,0.083133668,0.083094485,2020,Central America,NA
807,Taiwan Province of China,25,6.45539999,1.327470541,0.878437996,0.449404389,0.131516352,0.150598705,2020,Asia,NA
808,Uruguay,26,6.440100193,1.071000457,0.856928885,0.59426707,0.193425074,0.132143691,2020,South America,NA
809,Saudi Arabia,27,6.406499863,1.334328532,0.759818137,0.548477471,0.163322315,0.087440684,2020,Middle East,NA
810,Spain,28,6.400899887,1.230535269,1.051343083,0.425983816,0.109579779,0.16530548,2020,Southern Europe,NA
811,Guatemala,29,6.398900032,0.753815711,0.705952585,0.613146722,0.0983603,0.170611665,2020,Central America,NA
812,Italy,30,6.38740015,1.236396074,1.022504926,0.321305573,0.040145598,0.170266211,2020,Southern Europe,NA
813,Singapore,31,6.377099991,1.519580126,1.137814283,0.635317206,0.533162236,0.218770906,2020,Asia,NA
814,Brazil,32,6.375599861,0.952679873,0.766119063,0.483292729,0.106518604,0.131674588,2020,South America,NA
815,Slovenia,33,6.363399982,1.208652496,0.932548046,0.646700144,0.076516323,0.145701498,2020,Southern Europe,NA
816,El Salvador,34,6.34829998,0.748940408,0.752730012,0.524043918,0.117030352,0.1189363,2020,Central America,NA
817,Kosovo,35,6.325200081,0.840481341,0.672709167,0.557280421,0.008559024,0.325286865,2020,Southern Europe,NA
818,Panama,36,6.304800034,1.097667813,0.878546536,0.57984978,0.054230526,0.097207308,2020,Central America,NA
819,Slovakia,37,6.280600071,1.194837689,0.853465259,0.423542529,0.011291441,0.116729774,2020,Eastern Europe,NA
820,Uzbekistan,38,6.257599831,0.696652949,0.716703713,0.693270326,0.280260265,0.363311023,2020,Asia,NA
821,Chile,39,6.228499889,1.096992493,0.889260828,0.417482227,0.06284935,0.155579001,2020,South America,NA
822,Bahrain,40,6.227300167,1.296692252,0.838836372,0.610399902,0.126697257,0.287453711,2020,Middle East,NA
823,Lithuania,41,6.215499878,1.193559647,0.795421183,0.42046079,0.081350274,0.053691041,2020,Northern Europe,NA
824,Trinidad and Tobago,42,6.191899776,1.167641521,0.658828557,0.55293113,0.015078396,0.199358255,2020,South America,NA
825,Poland,43,6.186299801,1.16922915,0.868038476,0.557903528,0.160541251,0.063374244,2020,Eastern Europe,NA
826,Colombia,44,6.163400173,0.93220371,0.810020149,0.526890039,0.04584837,0.092374094,2020,South America,NA
827,Cyprus,45,6.15899992,1.21279943,1.026124597,0.459385872,0.051207144,0.227932334,2020,Africa,NA
828,Nicaragua,46,6.13710022,0.620033145,0.803093255,0.560117304,0.174084574,0.212871477,2020,Central America,NA
829,Romania,47,6.123700142,1.120401621,0.79229486,0.534852326,0.000829569,0.068181619,2020,Southern Europe,NA
830,Kuwait,48,6.102099895,1.424833655,0.776468933,0.570261419,0.112814933,0.132751092,2020,Middle East,NA
831,Mauritius,49,6.101299763,1.07366395,0.763389409,0.590838134,0.084088229,0.186894551,2020,Africa,NA
832,Kazakhstan,50,6.057899952,1.122594237,0.698788941,0.497432142,0.110463686,0.153713793,2020,Asia,NA
833,Estonia,51,6.021800041,1.192441225,0.842615008,0.576664805,0.201766819,0.125136748,2020,Northern Europe,NA
834,Philippines,52,6.006000042,0.775120676,0.602189481,0.621915162,0.130385727,0.129260212,2020,Asia,NA
835,Hungary,53,6.000400066,1.164307117,0.806793869,0.386401802,0.027548173,0.070491239,2020,Eastern Europe,NA
836,Thailand,54,5.998799801,1.007029295,0.793855846,0.609449804,0.031837862,0.376709014,2020,Asia,NA
837,Argentina,55,5.974699974,1.028465629,0.849773705,0.520840347,0.060415059,0.070100471,2020,South America,NA
838,Honduras,56,5.953199863,0.598763585,0.791989982,0.568148077,0.086807102,0.256528199,2020,Central America,NA
839,Latvia,57,5.949999809,1.14139545,0.777902424,0.329198807,0.090391524,0.075407945,2020,Northern Europe,NA
840,Ecuador,58,5.925199986,0.853383601,0.838837743,0.555234551,0.086753383,0.115006477,2020,South America,NA
841,Portugal,59,5.910900116,1.168800831,0.979315281,0.589895189,0.027733466,0.053036947,2020,Southern Europe,NA
842,Jamaica,60,5.889800072,0.779058397,0.788434088,0.553124607,0.030147785,0.116268493,2020,Caribbean,NA
843,South Korea,61,5.872399807,1.245300651,1.022542596,0.25935635,0.094596282,0.170303866,2020,Asia,NA
844,Japan,62,5.870800018,1.26672411,1.072881341,0.495465875,0.181439638,0.03571178,2020,Asia,NA
845,Peru,63,5.796800137,0.91854918,0.824444175,0.513210058,0.02703266,0.091611817,2020,South America,NA
846,Serbia,64,5.77820015,0.988181829,0.828403294,0.395428419,0.059447147,0.15028289,2020,Southern Europe,NA
847,Bolivia,65,5.747499943,0.730976343,0.662445664,0.5744645,0.072942637,0.138375074,2020,South America,NA
848,Pakistan,66,5.69329977,0.616799474,0.469933242,0.405421734,0.122592121,0.228705063,2020,Asia,NA
849,Paraguay,67,5.692100048,0.897990823,0.735869646,0.586510062,0.065077379,0.204299241,2020,South America,NA
850,Dominican Republic,68,5.689199924,0.983191848,0.741901696,0.5628739,0.115945682,0.112196781,2020,Caribbean,NA
851,Bosnia and Herzegovina,69,5.674099922,0.91839546,0.813928187,0.305365741,0.001172487,0.264005244,2020,Southern Europe,NA
852,Moldova,70,5.607500076,0.707916796,0.713299453,0.389571488,0.014378744,0.174049184,2020,Eastern Europe,NA
853,Tajikistan,71,5.555699825,0.474874616,0.680594802,0.521141171,0.221779913,0.182417125,2020,Asia,NA
854,Montenegro,72,5.54610014,1.010150075,0.839028895,0.303223848,0.098435111,0.14901033,2020,Southern Europe,NA
855,Russia,73,5.546000004,1.126999617,0.68044591,0.399499595,0.045699362,0.099041916,2020,Eastern Europe,NA
856,Kyrgyzstan,74,5.541500092,0.513180971,0.680645883,0.614617765,0.030466691,0.30137074,2020,Asia,NA
857,Belarus,75,5.539899826,1.018854499,0.75258857,0.290755868,0.193607435,0.08993306,2020,Eastern Europe,NA
858,North Cyprus,76,5.53550005,1.21279943,1.026124597,0.477885723,0.199802905,0.199160054,2020,Southern Europe,NA
859,Greece,77,5.514999866,1.128070116,0.979431748,0.173516348,0.048844352,0,2020,Southern Europe,NA
860,Hong Kong S.A.R. of China,78,5.510399818,1.376746058,1.136630654,0.459356517,0.332485437,0.288280904,2020,Asia,2147.574362
861,Croatia,79,5.504700184,1.109024286,0.900575578,0.381456882,0.012325006,0.113998979,2020,Southern Europe,NA
862,Libya,80,5.488800049,1.021913767,0.615626633,0.451354057,0.172258079,0.142757699,2020,Africa,NA
863,Mongolia,81,5.456200123,0.904872775,0.615788162,0.355703115,0.046533126,0.263885736,2020,Asia,NA
864,Malaysia,82,5.384300232,1.168421626,0.788511872,0.596941531,0.062163133,0.274886161,2020,Asia,NA
865,Vietnam,83,5.353499889,0.718092382,0.819133997,0.650835574,0.089848459,0.136488721,2020,Asia,NA
866,Indonesia,84,5.285600185,0.891720712,0.610437036,0.568161428,0.038278613,0.542646527,2020,Asia,NA
867,Ivory Coast,85,5.233300209,0.537094414,0.154942513,0.397122532,0.093495794,0.169915587,2020,Africa,NA
868,Benin,86,5.21600008,0.366244704,0.328062952,0.40583989,0.125931874,0.196670428,2020,Asia,NA
869,Maldives,87,5.197599888,0.937864304,0.914439559,0.548203647,0.071906492,0.224198252,2020,Asia,NA
870,Congo (Brazzaville),88,5.194399834,0.633616745,0.458101124,0.386514395,0.118670784,0.117216013,2020,Africa,NA
871,Azerbaijan,89,5.164800167,0.990272701,0.731134057,0.467734724,0.247307181,0.040113214,2020,Caucasus,NA
872,Macedonia,90,5.159800053,0.935371995,0.802994132,0.410224587,0.024595059,0.18586354,2020,Southern Europe,NA
873,Ghana,91,5.147999763,0.575862467,0.432162255,0.477290064,0.056570381,0.261291206,2020,Africa,NA
874,Nepal,92,5.137199879,0.444050372,0.66887939,0.480608255,0.127502963,0.300971806,2020,Asia,NA
875,Turkey,93,5.131800175,1.127169251,0.781335294,0.25440076,0.120983243,0.085885569,2020,Asia,NA
876,China,94,5.123899937,0.990533412,0.867248535,0.601605117,0.117255554,0.079021044,2020,Asia,NA
877,Turkmenistan,95,5.119100094,1.008963585,0.612448037,0.515236676,0.03350389,0.323129326,2020,Asia,NA
878,Bulgaria,96,5.101500034,1.046554685,0.777776897,0.417820066,0,0.103833713,2020,Southern Europe,NA
879,Morocco,97,5.094799995,0.75862211,0.745096922,0.450054139,0.077385604,0.040032551,2020,Africa,NA
880,Cameroon,98,5.084899902,0.503958046,0.270189553,0.439242482,0.054393422,0.198020101,2020,Africa,NA
881,Venezuela,99,5.053199768,0.770238638,0.76702553,0.271717221,0.063624777,0.087179154,2020,South America,NA
882,Algeria,100,5.005099773,0.943856001,0.745418549,0.083943799,0.129190654,0.118915014,2020,Africa,NA
883,Senegal,101,4.980800152,0.504061818,0.518391907,0.352400899,0.081865937,0.164397135,2020,Africa,NA
884,Guinea,102,4.949299812,0.390007734,0.333655238,0.371878058,0.112204559,0.249490842,2020,Africa,NA
885,Niger,103,4.909599781,0.108330332,0.298816353,0.435311615,0.137554765,0.208176896,2020,Africa,NA
886,Laos,104,4.888599873,0.714693844,0.486378282,0.612027287,0.194273964,0.27266711,2020,Africa,NA
887,Albania,105,4.882699966,0.906653047,0.846329629,0.461945891,0.025361285,0.171027765,2020,Southern Europe,NA
888,Cambodia,106,4.848400116,0.544634938,0.587904334,0.674940348,0.072837502,0.233342081,2020,Asia,NA
889,Bangladesh,107,4.832799911,0.556156278,0.694940507,0.604130566,0.176735908,0.176745117,2020,Asia,NA
890,Gabon,108,4.829299927,0.988044381,0.522574842,0.369459897,0.055804539,0.052013602,2020,Africa,NA
891,South Africa,109,4.814099789,0.902140439,0.407034069,0.43478182,0.05950214,0.126406848,2020,Africa,NA
892,Iraq,110,4.784800053,0.982018709,0.529350698,0.283588052,0.073164992,0.153002068,2020,Middle East,NA
893,Lebanon,111,4.771500111,0.889232516,0.788671136,0.18551667,0.021518147,0.158524141,2020,Middle East,NA
894,Burkina Faso,112,4.768700123,0.302467644,0.312833875,0.322398156,0.126408055,0.186390609,2020,Africa,NA
895,Gambia,113,4.750599861,0.256990552,0.353247881,0.403419524,0.158093795,0.425989687,2020,Africa,NA
896,Mali,114,4.729300022,0.352462649,0.234981522,0.377534449,0.062146276,0.16966705,2020,Africa,NA
897,Nigeria,115,4.724100113,0.645901859,0.167835936,0.435079455,0.047589935,0.221328124,2020,Africa,NA
898,Armenia,116,4.676799774,0.808262408,0.77585727,0.378075808,0.104618184,0.107225738,2020,Caucasus,NA
899,Georgia,117,4.672599792,0.847198069,0.694657624,0.485494107,0.174088076,0.047609735,2020,Caucasus,NA
900,Iran,118,4.672399998,1.029322505,0.749053836,0.301195472,0.142651513,0.27697894,2020,Middle East,NA
901,Jordan,119,4.633399963,0.785179198,0.777624726,0.424855083,0.151878625,0.091494769,2020,Middle East,NA
902,Mozambique,120,4.623600006,0.178741366,0.324223638,0.56077534,0.163064316,0.220422104,2020,Africa,NA
903,Kenya,121,4.583000183,0.476413399,0.536312759,0.519180536,0.067201078,0.393902093,2020,Africa,NA
904,Namibia,122,4.571100235,0.84008199,0.40687117,0.444598973,0.054320343,0.076454483,2020,Africa,NA
905,Ukraine,123,4.56069994,0.780434608,0.698674381,0.319423705,0.00965116,0.178551316,2020,Eastern Europe,NA
906,Liberia,124,4.557899952,0.174103007,0.392284274,0.405943096,0.051139876,0.226967871,2020,Africa,NA
907,Palestinian Territories,125,4.552800179,0.587819219,0.613826573,0.29870075,0.071913652,0.091816261,2020,Asia,NA
908,Uganda,126,4.43200016,0.312337428,0.378311664,0.401682556,0.063818842,0.264807373,2020,Africa,NA
909,Chad,127,4.422699928,0.302287489,0.1087441,0.228601769,0.085755408,0.210805088,2020,Africa,NA
910,Tunisia,128,4.392199993,0.874742687,0.781156719,0.235860556,0.043899573,0.055881143,2020,Africa,NA
911,Mauritania,129,4.374599934,0.539684892,0.425184816,0.185714483,0.122257635,0.128899664,2020,Africa,NA
912,Sri Lanka,130,4.327000141,0.897986948,0.792036712,0.528632462,0.049444564,0.252666146,2020,Asia,1979.526258
913,Congo (Kinshasa),131,4.31099987,0.062487468,0.277212054,0.36462298,0.081466645,0.254324883,2020,Africa,NA
914,Swaziland,132,4.308100224,0.827539742,0.215585828,0.299935788,0.146765873,0.067264833,2020,Africa,NA
915,Myanmar,133,4.308000088,0.67809093,0.495443076,0.597478867,0.187530354,0.569813728,2020,Asia,NA
916,Comoros,134,4.288599968,0.415620774,0.437383324,0.181028232,0.100048535,0.258538276,2020,Africa,NA
917,Togo,135,4.187200069,0.268116266,0.342731178,0.303539038,0.114826456,0.200774252,2020,Africa,NA
918,Ethiopia,136,4.186200142,0.315125644,0.483846247,0.41256687,0.117437035,0.227698103,2020,Africa,NA
919,Madagascar,137,4.165599823,0.244553208,0.500617027,0.192967549,0.076248638,0.191190064,2020,Africa,NA
920,Egypt,138,4.151400089,0.875228941,0.596911311,0.373684734,0.095461793,0.068801254,2020,Africa,NA
921,Sierra Leone,139,3.926399946,0.240560383,0.203953966,0.382027686,0.047940936,0.257647008,2020,Africa,NA
922,Burundi,140,3.775300026,0,0.295212835,0.275399059,0.212186828,0.187401786,2020,Africa,NA
923,Zambia,141,3.759399891,0.536833763,0.36359334,0.49131754,0.086705238,0.250620902,2020,Africa,NA
924,Haiti,142,3.720799923,0.284734428,0.37436673,0.169297516,0.161935672,0.463909656,2020,Caribbean,NA
925,Lesotho,143,3.652800083,0.45493874,0.100934811,0.409367532,0.050483823,0.102627642,2020,Africa,NA
926,India,144,3.573299885,0.730576158,0.54057014,0.581142247,0.105587982,0.237072483,2020,Asia,NA
927,Malawi,145,3.538000107,0.176534727,0.446163297,0.487389833,0.131633952,0.213185057,2020,Africa,NA
928,Yemen,146,3.527400017,0.392701775,0.41500017,0.243721485,0.087352127,0.094689012,2020,Middle East,NA
929,Botswana,147,3.478899956,0.997548997,0.494101733,0.50908941,0.101786368,0.033407487,2020,Africa,NA
930,Tanzania,148,3.476200104,0.457163125,0.442677855,0.509343088,0.203880861,0.27154091,2020,Africa,NA
931,Central African Republic,149,3.475899935,0.041072082,0,0.292814463,0.028264718,0.253513217,2020,Africa,NA
932,Rwanda,150,3.312299967,0.343242675,0.572383285,0.604087889,0.485542476,0.235704988,2020,Africa,NA
933,Zimbabwe,151,3.299200058,0.425564021,0.375037611,0.37740472,0.080928579,0.151349187,2020,Africa,NA
934,South Sudan,152,2.816600084,0.289082974,0.208809033,0.065609254,0.111156799,0.209934607,2020,Africa,NA
935,Afghanistan,153,2.566900015,0.30070585,0.266051531,0,0.001225785,0.135234714,2020,Asia,NA
